<metadata xml:lang="en"><Esri><CreaDate>20220302</CreaDate><CreaTime>13341700</CreaTime><ArcGISFormat>1.0</ArcGISFormat><SyncOnce>FALSE</SyncOnce><DataProperties><itemProps><itemName Sync="TRUE">FVA_S_Profil_Basln_16050101</itemName><imsContentType Sync="TRUE">002</imsContentType><itemLocation><linkage Sync="TRUE">file://\\ZAMANK-LT\C$\Users\kzaman\OneDrive - Stantec\FFRMS_Azure\Douglass_NV\16050101\Production\handy\16050101\inputs\16050101_a\FVA_S_Profil_Basln_16050101.shp</linkage><protocol Sync="TRUE">Local Area Network</protocol></itemLocation><itemSize Sync="TRUE">0.000</itemSize></itemProps><coordRef><type Sync="TRUE">Geographic</type><geogcsn Sync="TRUE">GCS_North_American_1983</geogcsn><csUnits Sync="TRUE">Angular Unit: Degree (0.017453)</csUnits><peXml Sync="TRUE">&lt;GeographicCoordinateSystem xsi:type='typens:GeographicCoordinateSystem' xmlns:xsi='http://www.w3.org/2001/XMLSchema-instance' xmlns:xs='http://www.w3.org/2001/XMLSchema' xmlns:typens='http://www.esri.com/schemas/ArcGIS/3.2.0'&gt;&lt;WKT&gt;GEOGCS[&amp;quot;GCS_North_American_1983&amp;quot;,DATUM[&amp;quot;D_North_American_1983&amp;quot;,SPHEROID[&amp;quot;GRS_1980&amp;quot;,6378137.0,298.257222101]],PRIMEM[&amp;quot;Greenwich&amp;quot;,0.0],UNIT[&amp;quot;Degree&amp;quot;,0.0174532925199433],AUTHORITY[&amp;quot;EPSG&amp;quot;,4269]]&lt;/WKT&gt;&lt;XOrigin&gt;-400&lt;/XOrigin&gt;&lt;YOrigin&gt;-400&lt;/YOrigin&gt;&lt;XYScale&gt;11258999068426.238&lt;/XYScale&gt;&lt;ZOrigin&gt;-100000&lt;/ZOrigin&gt;&lt;ZScale&gt;10000&lt;/ZScale&gt;&lt;MOrigin&gt;-100000&lt;/MOrigin&gt;&lt;MScale&gt;10000&lt;/MScale&gt;&lt;XYTolerance&gt;8.983152841195215e-09&lt;/XYTolerance&gt;&lt;ZTolerance&gt;0.001&lt;/ZTolerance&gt;&lt;MTolerance&gt;0.001&lt;/MTolerance&gt;&lt;HighPrecision&gt;true&lt;/HighPrecision&gt;&lt;LeftLongitude&gt;-180&lt;/LeftLongitude&gt;&lt;WKID&gt;4269&lt;/WKID&gt;&lt;LatestWKID&gt;4269&lt;/LatestWKID&gt;&lt;/GeographicCoordinateSystem&gt;</peXml></coordRef><lineage><Process ToolSource="c:\program files (x86)\arcgis\desktop10.1\ArcToolbox\Toolboxes\Data Management Tools.tbx\CopyFeatures" Date="20220912" Time="162301">CopyFeatures U:\172630100011\resource\02_it_information_tech\gis\conversion_20220909\rFHL_post_conversion.gdb\FIRM_Spatial_Layers\S_Profil_Basln "Database Connections\rFHL.sde\rFHL.DBO.FIRM_Spatial_Layers\rFHL.DBO.S_Profil_Basln" # 0 0 0</Process><Process ToolSource="c:\program files (x86)\arcgis\desktop10.1\ArcToolbox\Toolboxes\Data Management Tools.tbx\AddIndex" Date="20220913" Time="131929">AddIndex "Database Connections\rFHL.sde\rFHL.DBO.S_Profil_Basln" DFIRM_ID DFIRM_ID NON_UNIQUE NON_ASCENDING</Process><Process ToolSource="c:\program files (x86)\arcgis\desktop10.1\ArcToolbox\Toolboxes\Data Management Tools.tbx\DeleteRows" Date="20220919" Time="163428">DeleteRows RowsToDelete</Process><Process ToolSource="c:\program files (x86)\arcgis\desktop10.1\ArcToolbox\Toolboxes\Data Management Tools.tbx\DeleteRows" Date="20220919" Time="165538">DeleteRows RowsToDelete</Process><Process ToolSource="c:\program files (x86)\arcgis\desktop10.1\ArcToolbox\Toolboxes\Data Management Tools.tbx\DeleteRows" Date="20220919" Time="173517">DeleteRows RowsToDelete</Process><Process ToolSource="c:\program files (x86)\arcgis\desktop10.1\ArcToolbox\Toolboxes\Data Management Tools.tbx\DeleteRows" Date="20220919" Time="180727">DeleteRows RowsToDelete</Process><Process ToolSource="c:\program files (x86)\arcgis\desktop10.1\ArcToolbox\Toolboxes\Data Management Tools.tbx\DeleteRows" Date="20220919" Time="182922">DeleteRows RowsToDelete</Process><Process ToolSource="c:\program files (x86)\arcgis\desktop10.1\ArcToolbox\Toolboxes\Data Management Tools.tbx\DeleteRows" Date="20220919" Time="185820">DeleteRows RowsToDelete</Process><Process ToolSource="c:\program files (x86)\arcgis\desktop10.1\ArcToolbox\Toolboxes\Data Management Tools.tbx\DeleteRows" Date="20220919" Time="191016">DeleteRows RowsToDelete</Process><Process ToolSource="c:\program files (x86)\arcgis\desktop10.1\ArcToolbox\Toolboxes\Data Management Tools.tbx\DeleteRows" Date="20220919" Time="193240">DeleteRows RowsToDelete</Process><Process ToolSource="c:\program files (x86)\arcgis\desktop10.1\ArcToolbox\Toolboxes\Data Management Tools.tbx\DeleteRows" Date="20220919" Time="200131">DeleteRows RowsToDelete</Process><Process ToolSource="c:\program files (x86)\arcgis\desktop10.1\ArcToolbox\Toolboxes\Data Management Tools.tbx\DeleteRows" Date="20220922" Time="170547">DeleteRows RowsToDelete</Process><Process ToolSource="c:\program files (x86)\arcgis\desktop10.1\ArcToolbox\Toolboxes\Data Management Tools.tbx\DeleteRows" Date="20220922" Time="172432">DeleteRows RowsToDelete</Process><Process ToolSource="c:\program files (x86)\arcgis\desktop10.1\ArcToolbox\Toolboxes\Data Management Tools.tbx\DeleteRows" Date="20220922" Time="180648">DeleteRows RowsToDelete</Process><Process ToolSource="c:\program files (x86)\arcgis\desktop10.1\ArcToolbox\Toolboxes\Data Management Tools.tbx\DeleteRows" Date="20220922" Time="184227">DeleteRows RowsToDelete</Process><Process ToolSource="c:\program files (x86)\arcgis\desktop10.1\ArcToolbox\Toolboxes\Data Management Tools.tbx\DeleteRows" Date="20220928" Time="162047">DeleteRows RowsToDelete</Process><Process ToolSource="c:\program files (x86)\arcgis\desktop10.1\ArcToolbox\Toolboxes\Data Management Tools.tbx\DeleteRows" Date="20220928" Time="164922">DeleteRows RowsToDelete</Process><Process ToolSource="c:\program files (x86)\arcgis\desktop10.1\ArcToolbox\Toolboxes\Data Management Tools.tbx\DeleteRows" Date="20220928" Time="171116">DeleteRows RowsToDelete</Process><Process ToolSource="c:\program files (x86)\arcgis\desktop10.1\ArcToolbox\Toolboxes\Data Management Tools.tbx\DeleteRows" Date="20220928" Time="173947">DeleteRows RowsToDelete</Process><Process ToolSource="c:\program files (x86)\arcgis\desktop10.1\ArcToolbox\Toolboxes\Data Management Tools.tbx\DeleteRows" Date="20221004" Time="170416">DeleteRows RowsToDelete</Process><Process ToolSource="c:\program files (x86)\arcgis\desktop10.1\ArcToolbox\Toolboxes\Data Management Tools.tbx\DeleteRows" Date="20221005" Time="100200">DeleteRows RowsToDelete</Process><Process ToolSource="c:\program files (x86)\arcgis\desktop10.1\ArcToolbox\Toolboxes\Data Management Tools.tbx\DeleteRows" Date="20221005" Time="105501">DeleteRows RowsToDelete</Process><Process ToolSource="c:\program files (x86)\arcgis\desktop10.1\ArcToolbox\Toolboxes\Data Management Tools.tbx\DeleteRows" Date="20221005" Time="114208">DeleteRows RowsToDelete</Process><Process ToolSource="c:\program files (x86)\arcgis\desktop10.1\ArcToolbox\Toolboxes\Data Management Tools.tbx\DeleteRows" Date="20221005" Time="115409">DeleteRows RowsToDelete</Process><Process ToolSource="c:\program files (x86)\arcgis\desktop10.1\ArcToolbox\Toolboxes\Data Management Tools.tbx\DeleteRows" Date="20221005" Time="120615">DeleteRows RowsToDelete</Process><Process ToolSource="c:\program files (x86)\arcgis\desktop10.1\ArcToolbox\Toolboxes\Data Management Tools.tbx\DeleteRows" Date="20221005" Time="122439">DeleteRows RowsToDelete</Process><Process ToolSource="c:\program files (x86)\arcgis\desktop10.1\ArcToolbox\Toolboxes\Data Management Tools.tbx\DeleteRows" Date="20221005" Time="123649">DeleteRows RowsToDelete</Process><Process ToolSource="c:\program files (x86)\arcgis\desktop10.1\ArcToolbox\Toolboxes\Data Management Tools.tbx\DeleteRows" Date="20221005" Time="125537">DeleteRows RowsToDelete</Process><Process ToolSource="c:\program files (x86)\arcgis\desktop10.1\ArcToolbox\Toolboxes\Data Management Tools.tbx\DeleteRows" Date="20221005" Time="131105">DeleteRows RowsToDelete</Process><Process ToolSource="c:\program files (x86)\arcgis\desktop10.1\ArcToolbox\Toolboxes\Data Management Tools.tbx\DeleteRows" Date="20221005" Time="134305">DeleteRows RowsToDelete</Process><Process ToolSource="c:\program files (x86)\arcgis\desktop10.1\ArcToolbox\Toolboxes\Data Management Tools.tbx\DeleteRows" Date="20221005" Time="140457">DeleteRows RowsToDelete</Process><Process ToolSource="c:\program files (x86)\arcgis\desktop10.1\ArcToolbox\Toolboxes\Data Management Tools.tbx\DeleteRows" Date="20221011" Time="124129">DeleteRows RowsToDelete</Process><Process ToolSource="c:\program files (x86)\arcgis\desktop10.1\ArcToolbox\Toolboxes\Data Management Tools.tbx\DeleteRows" Date="20221011" Time="132415">DeleteRows RowsToDelete</Process><Process ToolSource="c:\program files (x86)\arcgis\desktop10.1\ArcToolbox\Toolboxes\Data Management Tools.tbx\DeleteRows" Date="20221011" Time="140624">DeleteRows RowsToDelete</Process><Process ToolSource="c:\program files (x86)\arcgis\desktop10.1\ArcToolbox\Toolboxes\Data Management Tools.tbx\DeleteRows" Date="20221011" Time="143521">DeleteRows RowsToDelete</Process><Process ToolSource="c:\program files (x86)\arcgis\desktop10.1\ArcToolbox\Toolboxes\Data Management Tools.tbx\DeleteRows" Date="20221011" Time="145413">DeleteRows RowsToDelete</Process><Process ToolSource="c:\program files (x86)\arcgis\desktop10.1\ArcToolbox\Toolboxes\Data Management Tools.tbx\DeleteRows" Date="20221020" Time="134504">DeleteRows RowsToDelete</Process><Process ToolSource="c:\program files (x86)\arcgis\desktop10.1\ArcToolbox\Toolboxes\Data Management Tools.tbx\DeleteRows" Date="20221020" Time="140432">DeleteRows RowsToDelete</Process><Process ToolSource="c:\program files (x86)\arcgis\desktop10.1\ArcToolbox\Toolboxes\Data Management Tools.tbx\DeleteRows" Date="20221020" Time="142657">DeleteRows RowsToDelete</Process><Process ToolSource="c:\program files (x86)\arcgis\desktop10.1\ArcToolbox\Toolboxes\Data Management Tools.tbx\DeleteRows" Date="20221020" Time="144600">DeleteRows RowsToDelete</Process><Process ToolSource="c:\program files (x86)\arcgis\desktop10.1\ArcToolbox\Toolboxes\Data Management Tools.tbx\DeleteRows" Date="20221020" Time="150444">DeleteRows RowsToDelete</Process><Process ToolSource="c:\program files (x86)\arcgis\desktop10.1\ArcToolbox\Toolboxes\Data Management Tools.tbx\DeleteRows" Date="20221020" Time="153551">DeleteRows RowsToDelete</Process><Process ToolSource="c:\program files (x86)\arcgis\desktop10.1\ArcToolbox\Toolboxes\Data Management Tools.tbx\DeleteRows" Date="20221020" Time="155116">DeleteRows RowsToDelete</Process><Process ToolSource="c:\program files (x86)\arcgis\desktop10.1\ArcToolbox\Toolboxes\Data Management Tools.tbx\DeleteRows" Date="20221020" Time="155954">DeleteRows RowsToDelete</Process><Process ToolSource="c:\program files (x86)\arcgis\desktop10.1\ArcToolbox\Toolboxes\Data Management Tools.tbx\DeleteRows" Date="20221020" Time="160833">DeleteRows RowsToDelete</Process><Process ToolSource="c:\program files (x86)\arcgis\desktop10.1\ArcToolbox\Toolboxes\Data Management Tools.tbx\DeleteRows" Date="20221020" Time="163908">DeleteRows RowsToDelete</Process><Process ToolSource="c:\program files (x86)\arcgis\desktop10.1\ArcToolbox\Toolboxes\Data Management Tools.tbx\DeleteRows" Date="20221020" Time="170917">DeleteRows RowsToDelete</Process><Process ToolSource="c:\program files (x86)\arcgis\desktop10.1\ArcToolbox\Toolboxes\Data Management Tools.tbx\DeleteRows" Date="20221020" Time="173814">DeleteRows RowsToDelete</Process><Process ToolSource="c:\program files (x86)\arcgis\desktop10.1\ArcToolbox\Toolboxes\Data Management Tools.tbx\DeleteRows" Date="20221020" Time="175045">DeleteRows RowsToDelete</Process><Process ToolSource="c:\program files (x86)\arcgis\desktop10.1\ArcToolbox\Toolboxes\Data Management Tools.tbx\DeleteRows" Date="20221020" Time="175941">DeleteRows RowsToDelete</Process><Process ToolSource="c:\program files (x86)\arcgis\desktop10.1\ArcToolbox\Toolboxes\Data Management Tools.tbx\DeleteRows" Date="20221020" Time="182146">DeleteRows RowsToDelete</Process><Process ToolSource="c:\program files (x86)\arcgis\desktop10.1\ArcToolbox\Toolboxes\Data Management Tools.tbx\DeleteRows" Date="20221020" Time="185035">DeleteRows RowsToDelete</Process><Process ToolSource="c:\program files (x86)\arcgis\desktop10.1\ArcToolbox\Toolboxes\Data Management Tools.tbx\DeleteRows" Date="20221020" Time="190630">DeleteRows RowsToDelete</Process><Process ToolSource="c:\program files (x86)\arcgis\desktop10.1\ArcToolbox\Toolboxes\Data Management Tools.tbx\DeleteRows" Date="20221020" Time="192917">DeleteRows RowsToDelete</Process><Process ToolSource="c:\program files (x86)\arcgis\desktop10.1\ArcToolbox\Toolboxes\Data Management Tools.tbx\DeleteRows" Date="20221020" Time="202434">DeleteRows RowsToDelete</Process><Process ToolSource="c:\program files (x86)\arcgis\desktop10.1\ArcToolbox\Toolboxes\Data Management Tools.tbx\DeleteRows" Date="20221020" Time="210753">DeleteRows RowsToDelete</Process><Process ToolSource="c:\program files (x86)\arcgis\desktop10.1\ArcToolbox\Toolboxes\Data Management Tools.tbx\DeleteRows" Date="20221020" Time="215129">DeleteRows RowsToDelete</Process><Process ToolSource="c:\program files (x86)\arcgis\desktop10.4\ArcToolbox\Toolboxes\Data Management Tools.tbx\DeleteRows" Date="20221220" Time="160802">DeleteRows RowsToDelete</Process><Process ToolSource="c:\program files (x86)\arcgis\desktop10.4\ArcToolbox\Toolboxes\Data Management Tools.tbx\DeleteRows" Date="20230105" Time="183617">DeleteRows RowsToDelete</Process><Process ToolSource="c:\program files (x86)\arcgis\desktop10.4\ArcToolbox\Toolboxes\Data Management Tools.tbx\DeleteRows" Date="20230117" Time="145716">DeleteRows RowsToDelete</Process><Process ToolSource="c:\program files (x86)\arcgis\desktop10.4\ArcToolbox\Toolboxes\Data Management Tools.tbx\DeleteRows" Date="20230119" Time="111211">DeleteRows RowsToDelete</Process><Process ToolSource="c:\program files (x86)\arcgis\desktop10.4\ArcToolbox\Toolboxes\Data Management Tools.tbx\DeleteRows" Date="20230119" Time="183316">DeleteRows RowsToDelete</Process><Process ToolSource="c:\program files (x86)\arcgis\desktop10.4\ArcToolbox\Toolboxes\Data Management Tools.tbx\DeleteRows" Date="20230202" Time="211012">DeleteRows RowsToDelete</Process><Process ToolSource="c:\program files (x86)\arcgis\desktop10.4\ArcToolbox\Toolboxes\Data Management Tools.tbx\DeleteRows" Date="20230202" Time="230307">DeleteRows RowsToDelete</Process><Process ToolSource="c:\program files (x86)\arcgis\desktop10.4\ArcToolbox\Toolboxes\Data Management Tools.tbx\DeleteRows" Date="20230203" Time="005257">DeleteRows RowsToDelete</Process><Process ToolSource="c:\program files (x86)\arcgis\desktop10.4\ArcToolbox\Toolboxes\Data Management Tools.tbx\DeleteRows" Date="20230203" Time="024042">DeleteRows RowsToDelete</Process><Process ToolSource="c:\program files (x86)\arcgis\desktop10.4\ArcToolbox\Toolboxes\Data Management Tools.tbx\DeleteRows" Date="20230203" Time="042736">DeleteRows RowsToDelete</Process><Process ToolSource="c:\program files (x86)\arcgis\desktop10.4\ArcToolbox\Toolboxes\Data Management Tools.tbx\DeleteRows" Date="20230203" Time="121428">DeleteRows RowsToDelete</Process><Process ToolSource="c:\program files (x86)\arcgis\desktop10.4\ArcToolbox\Toolboxes\Data Management Tools.tbx\DeleteRows" Date="20230203" Time="151158">DeleteRows RowsToDelete</Process><Process ToolSource="c:\program files (x86)\arcgis\desktop10.4\ArcToolbox\Toolboxes\Data Management Tools.tbx\DeleteRows" Date="20230203" Time="175640">DeleteRows RowsToDelete</Process><Process ToolSource="c:\program files (x86)\arcgis\desktop10.4\ArcToolbox\Toolboxes\Data Management Tools.tbx\DeleteRows" Date="20230203" Time="200953">DeleteRows RowsToDelete</Process><Process ToolSource="c:\program files (x86)\arcgis\desktop10.4\ArcToolbox\Toolboxes\Data Management Tools.tbx\DeleteRows" Date="20230203" Time="224737">DeleteRows RowsToDelete</Process><Process ToolSource="c:\program files (x86)\arcgis\desktop10.4\ArcToolbox\Toolboxes\Data Management Tools.tbx\DeleteRows" Date="20230204" Time="012205">DeleteRows RowsToDelete</Process><Process ToolSource="c:\program files (x86)\arcgis\desktop10.4\ArcToolbox\Toolboxes\Data Management Tools.tbx\DeleteRows" Date="20230204" Time="034435">DeleteRows RowsToDelete</Process><Process ToolSource="c:\program files (x86)\arcgis\desktop10.4\ArcToolbox\Toolboxes\Data Management Tools.tbx\DeleteRows" Date="20230204" Time="053948">DeleteRows RowsToDelete</Process><Process ToolSource="c:\program files (x86)\arcgis\desktop10.4\ArcToolbox\Toolboxes\Data Management Tools.tbx\DeleteRows" Date="20230204" Time="075037">DeleteRows RowsToDelete</Process><Process ToolSource="c:\program files (x86)\arcgis\desktop10.4\ArcToolbox\Toolboxes\Data Management Tools.tbx\DeleteRows" Date="20230204" Time="095556">DeleteRows RowsToDelete</Process><Process ToolSource="c:\program files (x86)\arcgis\desktop10.4\ArcToolbox\Toolboxes\Data Management Tools.tbx\DeleteRows" Date="20230204" Time="115625">DeleteRows RowsToDelete</Process><Process ToolSource="c:\program files (x86)\arcgis\desktop10.4\ArcToolbox\Toolboxes\Data Management Tools.tbx\DeleteRows" Date="20230204" Time="141507">DeleteRows RowsToDelete</Process><Process ToolSource="c:\program files (x86)\arcgis\desktop10.4\ArcToolbox\Toolboxes\Data Management Tools.tbx\DeleteRows" Date="20230204" Time="163130">DeleteRows RowsToDelete</Process><Process ToolSource="c:\program files (x86)\arcgis\desktop10.4\ArcToolbox\Toolboxes\Data Management Tools.tbx\DeleteRows" Date="20230204" Time="184321">DeleteRows RowsToDelete</Process><Process ToolSource="c:\program files (x86)\arcgis\desktop10.4\ArcToolbox\Toolboxes\Data Management Tools.tbx\DeleteRows" Date="20230204" Time="204741">DeleteRows RowsToDelete</Process><Process ToolSource="c:\program files (x86)\arcgis\desktop10.4\ArcToolbox\Toolboxes\Data Management Tools.tbx\DeleteRows" Date="20230204" Time="224045">DeleteRows RowsToDelete</Process><Process ToolSource="c:\program files (x86)\arcgis\desktop10.4\ArcToolbox\Toolboxes\Data Management Tools.tbx\DeleteRows" Date="20230205" Time="004324">DeleteRows RowsToDelete</Process><Process ToolSource="c:\program files (x86)\arcgis\desktop10.4\ArcToolbox\Toolboxes\Data Management Tools.tbx\DeleteRows" Date="20230205" Time="025336">DeleteRows RowsToDelete</Process><Process ToolSource="c:\program files (x86)\arcgis\desktop10.4\ArcToolbox\Toolboxes\Data Management Tools.tbx\DeleteRows" Date="20230223" Time="203137">DeleteRows RowsToDelete</Process><Process ToolSource="c:\program files\arcgis\pro\Resources\ArcToolbox\toolboxes\Data Management Tools.tbx\CopyFeatures" Date="20240124" Time="173355">CopyFeatures FVA_feature_layer "C:\Users\kzaman\OneDrive - Stantec\FFRMS_Azure\Douglass_NV\16050101\Production\handy\16050101\inputs\16050101_a\FVA_S_Profil_Basln_16050101.shp" # # # #</Process><Process ToolSource="c:\program files\arcgis\pro\Resources\ArcToolbox\toolboxes\Data Management Tools.tbx\Append" Date="20240126" Time="171641">Append NFHL\S_Wtr_Ln Inputs_A\FVA_S_Profil_Basln_16050101 "Use the field map to reconcile field differences" "DFIRM_ID "DFIRM_ID" true false false 6 Text 0 0,First,#,C:\Users\kzaman\OneDrive - Stantec\FFRMS_Azure\Local_Files\rFHL_20230630.gdb\FIRM_Spatial_Layers\S_Wtr_Ln,DFIRM_ID,0,5;VERSION_ID "VERSION_ID" true false false 11 Text 0 0,First,#,C:\Users\kzaman\OneDrive - Stantec\FFRMS_Azure\Local_Files\rFHL_20230630.gdb\FIRM_Spatial_Layers\S_Wtr_Ln,VERSION_ID,0,10;BASELN_ID "BASELN_ID" true false false 32 Text 0 0,First,#;WTR_NM "WTR_NM" true false false 100 Text 0 0,First,#,C:\Users\kzaman\OneDrive - Stantec\FFRMS_Azure\Local_Files\rFHL_20230630.gdb\FIRM_Spatial_Layers\S_Wtr_Ln,WTR_NM,0,99;SEGMT_NAME "SEGMT_NAME" true false false 254 Text 0 0,First,#;WATER_TYP "WATER_TYP" true false false 38 Text 0 0,First,#;STUDY_TYP "STUDY_TYP" true false false 38 Text 0 0,First,#;SHOWN_FIRM "SHOWN_FIRM" true false false 1 Text 0 0,First,#,C:\Users\kzaman\OneDrive - Stantec\FFRMS_Azure\Local_Files\rFHL_20230630.gdb\FIRM_Spatial_Layers\S_Wtr_Ln,SHOWN_FIRM,0,254;R_ST_DESC "R_ST_DESC" true false false 254 Text 0 0,First,#;R_END_DESC "R_END_DESC" true false false 254 Text 0 0,First,#;V_DATM_OFF "V_DATM_OFF" true false false 6 Text 0 0,First,#;DATUM_UNIT "DATUM_UNIT" true false false 16 Text 0 0,First,#;FLD_PROB1 "FLD_PROB1" true false false 254 Text 0 0,First,#;FLD_PROB2 "FLD_PROB2" true false false 254 Text 0 0,First,#;FLD_PROB3 "FLD_PROB3" true false false 254 Text 0 0,First,#;SPEC_CONS1 "SPEC_CONS1" true false false 254 Text 0 0,First,#;SPEC_CONS2 "SPEC_CONS2" true false false 254 Text 0 0,First,#;START_ID "START_ID" true false false 32 Text 0 0,First,#;SOURCE_CIT "SOURCE_CIT" true false false 21 Text 0 0,First,#,C:\Users\kzaman\OneDrive - Stantec\FFRMS_Azure\Local_Files\rFHL_20230630.gdb\FIRM_Spatial_Layers\S_Wtr_Ln,SOURCE_CIT,0,20;SHAPE_Leng "SHAPE_Leng" true false false 19 Double 0 0,First,#" # # # NOT_UPDATE_GEOMETRY</Process><Process ToolSource="c:\program files\arcgis\pro\Resources\ArcToolbox\toolboxes\Data Management Tools.tbx\Append" Date="20240126" Time="171929">Append NFHL\S_Wtr_Ln Inputs_A\FVA_S_Profil_Basln_16050101 "Use the field map to reconcile field differences" "DFIRM_ID "DFIRM_ID" true false false 6 Text 0 0,First,#,C:\Users\kzaman\OneDrive - Stantec\FFRMS_Azure\Local_Files\rFHL_20230630.gdb\FIRM_Spatial_Layers\S_Wtr_Ln,DFIRM_ID,0,5;VERSION_ID "VERSION_ID" true false false 11 Text 0 0,First,#,C:\Users\kzaman\OneDrive - Stantec\FFRMS_Azure\Local_Files\rFHL_20230630.gdb\FIRM_Spatial_Layers\S_Wtr_Ln,VERSION_ID,0,10;BASELN_ID "BASELN_ID" true false false 32 Text 0 0,First,#;WTR_NM "WTR_NM" true false false 100 Text 0 0,First,#,C:\Users\kzaman\OneDrive - Stantec\FFRMS_Azure\Local_Files\rFHL_20230630.gdb\FIRM_Spatial_Layers\S_Wtr_Ln,WTR_NM,0,99;SEGMT_NAME "SEGMT_NAME" true false false 254 Text 0 0,First,#;WATER_TYP "WATER_TYP" true false false 38 Text 0 0,First,#;STUDY_TYP "STUDY_TYP" true false false 38 Text 0 0,First,#;SHOWN_FIRM "SHOWN_FIRM" true false false 1 Text 0 0,First,#,C:\Users\kzaman\OneDrive - Stantec\FFRMS_Azure\Local_Files\rFHL_20230630.gdb\FIRM_Spatial_Layers\S_Wtr_Ln,SHOWN_FIRM,0,254;R_ST_DESC "R_ST_DESC" true false false 254 Text 0 0,First,#;R_END_DESC "R_END_DESC" true false false 254 Text 0 0,First,#;V_DATM_OFF "V_DATM_OFF" true false false 6 Text 0 0,First,#;DATUM_UNIT "DATUM_UNIT" true false false 16 Text 0 0,First,#;FLD_PROB1 "FLD_PROB1" true false false 254 Text 0 0,First,#;FLD_PROB2 "FLD_PROB2" true false false 254 Text 0 0,First,#;FLD_PROB3 "FLD_PROB3" true false false 254 Text 0 0,First,#;SPEC_CONS1 "SPEC_CONS1" true false false 254 Text 0 0,First,#;SPEC_CONS2 "SPEC_CONS2" true false false 254 Text 0 0,First,#;START_ID "START_ID" true false false 32 Text 0 0,First,#;SOURCE_CIT "SOURCE_CIT" true false false 21 Text 0 0,First,#,C:\Users\kzaman\OneDrive - Stantec\FFRMS_Azure\Local_Files\rFHL_20230630.gdb\FIRM_Spatial_Layers\S_Wtr_Ln,SOURCE_CIT,0,20;SHAPE_Leng "SHAPE_Leng" true false false 19 Double 0 0,First,#" # # # NOT_UPDATE_GEOMETRY</Process><Process ToolSource="c:\program files\arcgis\pro\Resources\ArcToolbox\toolboxes\Data Management Tools.tbx\Append" Date="20240126" Time="172503">Append NFHL\S_Wtr_Ln Inputs_A\FVA_S_Profil_Basln_16050101 "Use the field map to reconcile field differences" "DFIRM_ID "DFIRM_ID" true false false 6 Text 0 0,First,#,C:\Users\kzaman\OneDrive - Stantec\FFRMS_Azure\Local_Files\rFHL_20230630.gdb\FIRM_Spatial_Layers\S_Wtr_Ln,DFIRM_ID,0,5;VERSION_ID "VERSION_ID" true false false 11 Text 0 0,First,#,C:\Users\kzaman\OneDrive - Stantec\FFRMS_Azure\Local_Files\rFHL_20230630.gdb\FIRM_Spatial_Layers\S_Wtr_Ln,VERSION_ID,0,10;BASELN_ID "BASELN_ID" true false false 32 Text 0 0,First,#;WTR_NM "WTR_NM" true false false 100 Text 0 0,First,#,C:\Users\kzaman\OneDrive - Stantec\FFRMS_Azure\Local_Files\rFHL_20230630.gdb\FIRM_Spatial_Layers\S_Wtr_Ln,WTR_NM,0,99;SEGMT_NAME "SEGMT_NAME" true false false 254 Text 0 0,First,#;WATER_TYP "WATER_TYP" true false false 38 Text 0 0,First,#;STUDY_TYP "STUDY_TYP" true false false 38 Text 0 0,First,#;SHOWN_FIRM "SHOWN_FIRM" true false false 1 Text 0 0,First,#,C:\Users\kzaman\OneDrive - Stantec\FFRMS_Azure\Local_Files\rFHL_20230630.gdb\FIRM_Spatial_Layers\S_Wtr_Ln,SHOWN_FIRM,0,254;R_ST_DESC "R_ST_DESC" true false false 254 Text 0 0,First,#;R_END_DESC "R_END_DESC" true false false 254 Text 0 0,First,#;V_DATM_OFF "V_DATM_OFF" true false false 6 Text 0 0,First,#;DATUM_UNIT "DATUM_UNIT" true false false 16 Text 0 0,First,#;FLD_PROB1 "FLD_PROB1" true false false 254 Text 0 0,First,#;FLD_PROB2 "FLD_PROB2" true false false 254 Text 0 0,First,#;FLD_PROB3 "FLD_PROB3" true false false 254 Text 0 0,First,#;SPEC_CONS1 "SPEC_CONS1" true false false 254 Text 0 0,First,#;SPEC_CONS2 "SPEC_CONS2" true false false 254 Text 0 0,First,#;START_ID "START_ID" true false false 32 Text 0 0,First,#;SOURCE_CIT "SOURCE_CIT" true false false 21 Text 0 0,First,#,C:\Users\kzaman\OneDrive - Stantec\FFRMS_Azure\Local_Files\rFHL_20230630.gdb\FIRM_Spatial_Layers\S_Wtr_Ln,SOURCE_CIT,0,20;SHAPE_Leng "SHAPE_Leng" true false false 19 Double 0 0,First,#" # # # NOT_UPDATE_GEOMETRY</Process><Process ToolSource="c:\program files\arcgis\pro\Resources\ArcToolbox\toolboxes\Data Management Tools.tbx\Append" Date="20240129" Time="100956">Append NFHL\S_Wtr_Ln Inputs_B\FVA_S_Profil_Basln_16050101 "Use the field map to reconcile field differences" "DFIRM_ID "DFIRM_ID" true false false 6 Text 0 0,First,#,C:\Users\kzaman\OneDrive - Stantec\FFRMS_Azure\Local_Files\rFHL_20230630.gdb\FIRM_Spatial_Layers\S_Wtr_Ln,DFIRM_ID,0,5;VERSION_ID "VERSION_ID" true false false 11 Text 0 0,First,#,C:\Users\kzaman\OneDrive - Stantec\FFRMS_Azure\Local_Files\rFHL_20230630.gdb\FIRM_Spatial_Layers\S_Wtr_Ln,VERSION_ID,0,10;BASELN_ID "BASELN_ID" true false false 32 Text 0 0,First,#;WTR_NM "WTR_NM" true false false 100 Text 0 0,First,#,C:\Users\kzaman\OneDrive - Stantec\FFRMS_Azure\Local_Files\rFHL_20230630.gdb\FIRM_Spatial_Layers\S_Wtr_Ln,WTR_NM,0,99;SEGMT_NAME "SEGMT_NAME" true false false 254 Text 0 0,First,#;WATER_TYP "WATER_TYP" true false false 38 Text 0 0,First,#;STUDY_TYP "STUDY_TYP" true false false 38 Text 0 0,First,#;SHOWN_FIRM "SHOWN_FIRM" true false false 1 Text 0 0,First,#,C:\Users\kzaman\OneDrive - Stantec\FFRMS_Azure\Local_Files\rFHL_20230630.gdb\FIRM_Spatial_Layers\S_Wtr_Ln,SHOWN_FIRM,0,254;R_ST_DESC "R_ST_DESC" true false false 254 Text 0 0,First,#;R_END_DESC "R_END_DESC" true false false 254 Text 0 0,First,#;V_DATM_OFF "V_DATM_OFF" true false false 6 Text 0 0,First,#;DATUM_UNIT "DATUM_UNIT" true false false 16 Text 0 0,First,#;FLD_PROB1 "FLD_PROB1" true false false 254 Text 0 0,First,#;FLD_PROB2 "FLD_PROB2" true false false 254 Text 0 0,First,#;FLD_PROB3 "FLD_PROB3" true false false 254 Text 0 0,First,#;SPEC_CONS1 "SPEC_CONS1" true false false 254 Text 0 0,First,#;SPEC_CONS2 "SPEC_CONS2" true false false 254 Text 0 0,First,#;START_ID "START_ID" true false false 32 Text 0 0,First,#;SOURCE_CIT "SOURCE_CIT" true false false 21 Text 0 0,First,#,C:\Users\kzaman\OneDrive - Stantec\FFRMS_Azure\Local_Files\rFHL_20230630.gdb\FIRM_Spatial_Layers\S_Wtr_Ln,SOURCE_CIT,0,20;SHAPE_Leng "SHAPE_Leng" true false false 19 Double 0 0,First,#" # # # NOT_UPDATE_GEOMETRY</Process><Process ToolSource="c:\program files\arcgis\pro\Resources\ArcToolbox\toolboxes\Data Management Tools.tbx\Append" Date="20240129" Time="101120">Append NFHL\S_Wtr_Ln Inputs_B\FVA_S_Profil_Basln_16050101 "Use the field map to reconcile field differences" "DFIRM_ID "DFIRM_ID" true false false 6 Text 0 0,First,#,C:\Users\kzaman\OneDrive - Stantec\FFRMS_Azure\Local_Files\rFHL_20230630.gdb\FIRM_Spatial_Layers\S_Wtr_Ln,DFIRM_ID,0,5;VERSION_ID "VERSION_ID" true false false 11 Text 0 0,First,#,C:\Users\kzaman\OneDrive - Stantec\FFRMS_Azure\Local_Files\rFHL_20230630.gdb\FIRM_Spatial_Layers\S_Wtr_Ln,VERSION_ID,0,10;BASELN_ID "BASELN_ID" true false false 32 Text 0 0,First,#;WTR_NM "WTR_NM" true false false 100 Text 0 0,First,#,C:\Users\kzaman\OneDrive - Stantec\FFRMS_Azure\Local_Files\rFHL_20230630.gdb\FIRM_Spatial_Layers\S_Wtr_Ln,WTR_NM,0,99;SEGMT_NAME "SEGMT_NAME" true false false 254 Text 0 0,First,#;WATER_TYP "WATER_TYP" true false false 38 Text 0 0,First,#;STUDY_TYP "STUDY_TYP" true false false 38 Text 0 0,First,#;SHOWN_FIRM "SHOWN_FIRM" true false false 1 Text 0 0,First,#,C:\Users\kzaman\OneDrive - Stantec\FFRMS_Azure\Local_Files\rFHL_20230630.gdb\FIRM_Spatial_Layers\S_Wtr_Ln,SHOWN_FIRM,0,254;R_ST_DESC "R_ST_DESC" true false false 254 Text 0 0,First,#;R_END_DESC "R_END_DESC" true false false 254 Text 0 0,First,#;V_DATM_OFF "V_DATM_OFF" true false false 6 Text 0 0,First,#;DATUM_UNIT "DATUM_UNIT" true false false 16 Text 0 0,First,#;FLD_PROB1 "FLD_PROB1" true false false 254 Text 0 0,First,#;FLD_PROB2 "FLD_PROB2" true false false 254 Text 0 0,First,#;FLD_PROB3 "FLD_PROB3" true false false 254 Text 0 0,First,#;SPEC_CONS1 "SPEC_CONS1" true false false 254 Text 0 0,First,#;SPEC_CONS2 "SPEC_CONS2" true false false 254 Text 0 0,First,#;START_ID "START_ID" true false false 32 Text 0 0,First,#;SOURCE_CIT "SOURCE_CIT" true false false 21 Text 0 0,First,#,C:\Users\kzaman\OneDrive - Stantec\FFRMS_Azure\Local_Files\rFHL_20230630.gdb\FIRM_Spatial_Layers\S_Wtr_Ln,SOURCE_CIT,0,20;SHAPE_Leng "SHAPE_Leng" true false false 19 Double 0 0,First,#" # # # NOT_UPDATE_GEOMETRY</Process></lineage></DataProperties><SyncDate>20240124</SyncDate><SyncTime>17335500</SyncTime><ModDate>20240124</ModDate><ModTime>17335500</ModTime></Esri><dataIdInfo><envirDesc Sync="TRUE">Microsoft Windows 10 Version 10.0 (Build 19045) ; Esri ArcGIS 13.2.0.49743</envirDesc><dataLang><languageCode value="eng" Sync="TRUE"/><countryCode value="USA" Sync="TRUE"/></dataLang><idCitation><resTitle Sync="TRUE">FVA_S_Profil_Basln_16050101</resTitle><presForm><PresFormCd value="005" Sync="TRUE"/></presForm></idCitation><spatRpType><SpatRepTypCd value="001" Sync="TRUE"/></spatRpType></dataIdInfo><mdLang><languageCode value="eng" Sync="TRUE"/><countryCode value="USA" Sync="TRUE"/></mdLang><distInfo><distFormat><formatName Sync="TRUE">Shapefile</formatName></distFormat><distTranOps><transSize Sync="TRUE">0.000</transSize></distTranOps></distInfo><mdHrLv><ScopeCd value="005" Sync="TRUE"/></mdHrLv><mdHrLvName Sync="TRUE">dataset</mdHrLvName><refSysInfo><RefSystem><refSysID><identCode code="4269" Sync="TRUE"/><idCodeSpace Sync="TRUE">EPSG</idCodeSpace><idVersion Sync="TRUE">6.5(3.0.1)</idVersion></refSysID></RefSystem></refSysInfo><spatRepInfo><VectSpatRep><geometObjs Name="FVA_S_Profil_Basln_16050101"><geoObjTyp><GeoObjTypCd value="002" Sync="TRUE"></GeoObjTypCd></geoObjTyp><geoObjCnt Sync="TRUE">0</geoObjCnt></geometObjs><topLvl><TopoLevCd value="001" Sync="TRUE"></TopoLevCd></topLvl></VectSpatRep></spatRepInfo><spdoinfo><ptvctinf><esriterm Name="FVA_S_Profil_Basln_16050101"><efeatyp Sync="TRUE">Simple</efeatyp><efeageom code="3" Sync="TRUE"></efeageom><esritopo Sync="TRUE">FALSE</esritopo><efeacnt Sync="TRUE">0</efeacnt><spindex Sync="TRUE">FALSE</spindex><linrefer Sync="TRUE">TRUE</linrefer></esriterm></ptvctinf></spdoinfo><eainfo><detailed Name="FVA_S_Profil_Basln_16050101"><enttyp><enttypl Sync="TRUE">FVA_S_Profil_Basln_16050101</enttypl><enttypt Sync="TRUE">Feature Class</enttypt><enttypc Sync="TRUE">0</enttypc></enttyp><attr><attrlabl Sync="TRUE">FID</attrlabl><attalias Sync="TRUE">FID</attalias><attrtype Sync="TRUE">OID</attrtype><attwidth Sync="TRUE">4</attwidth><atprecis Sync="TRUE">0</atprecis><attscale Sync="TRUE">0</attscale><attrdef Sync="TRUE">Internal feature number.</attrdef><attrdefs Sync="TRUE">Esri</attrdefs><attrdomv><udom Sync="TRUE">Sequential unique whole numbers that are automatically generated.</udom></attrdomv></attr><attr><attrlabl Sync="TRUE">SHAPE</attrlabl><attalias Sync="TRUE">Shape</attalias><attrtype Sync="TRUE">Geometry</attrtype><attwidth Sync="TRUE">0</attwidth><atprecis Sync="TRUE">0</atprecis><attscale Sync="TRUE">0</attscale><attrdef Sync="TRUE">Feature geometry.</attrdef><attrdefs Sync="TRUE">Esri</attrdefs><attrdomv><udom Sync="TRUE">Coordinates defining the features.</udom></attrdomv></attr><attr><attrlabl Sync="TRUE">DFIRM_ID</attrlabl><attalias Sync="TRUE">DFIRM_ID</attalias><attrtype Sync="TRUE">String</attrtype><attwidth Sync="TRUE">6</attwidth><atprecis Sync="TRUE">0</atprecis><attscale Sync="TRUE">0</attscale></attr><attr><attrlabl Sync="TRUE">VERSION_ID</attrlabl><attalias Sync="TRUE">VERSION_ID</attalias><attrtype Sync="TRUE">String</attrtype><attwidth Sync="TRUE">11</attwidth><atprecis Sync="TRUE">0</atprecis><attscale Sync="TRUE">0</attscale></attr><attr><attrlabl Sync="TRUE">BASELN_ID</attrlabl><attalias Sync="TRUE">BASELN_ID</attalias><attrtype Sync="TRUE">String</attrtype><attwidth Sync="TRUE">32</attwidth><atprecis Sync="TRUE">0</atprecis><attscale Sync="TRUE">0</attscale></attr><attr><attrlabl Sync="TRUE">WTR_NM</attrlabl><attalias Sync="TRUE">WTR_NM</attalias><attrtype Sync="TRUE">String</attrtype><attwidth Sync="TRUE">100</attwidth><atprecis Sync="TRUE">0</atprecis><attscale Sync="TRUE">0</attscale></attr><attr><attrlabl Sync="TRUE">SEGMT_NAME</attrlabl><attalias Sync="TRUE">SEGMT_NAME</attalias><attrtype Sync="TRUE">String</attrtype><attwidth Sync="TRUE">254</attwidth><atprecis Sync="TRUE">0</atprecis><attscale Sync="TRUE">0</attscale></attr><attr><attrlabl Sync="TRUE">WATER_TYP</attrlabl><attalias Sync="TRUE">WATER_TYP</attalias><attrtype Sync="TRUE">String</attrtype><attwidth Sync="TRUE">38</attwidth><atprecis Sync="TRUE">0</atprecis><attscale Sync="TRUE">0</attscale></attr><attr><attrlabl Sync="TRUE">STUDY_TYP</attrlabl><attalias Sync="TRUE">STUDY_TYP</attalias><attrtype Sync="TRUE">String</attrtype><attwidth Sync="TRUE">38</attwidth><atprecis Sync="TRUE">0</atprecis><attscale Sync="TRUE">0</attscale></attr><attr><attrlabl Sync="TRUE">SHOWN_FIRM</attrlabl><attalias Sync="TRUE">SHOWN_FIRM</attalias><attrtype Sync="TRUE">String</attrtype><attwidth Sync="TRUE">1</attwidth><atprecis Sync="TRUE">0</atprecis><attscale Sync="TRUE">0</attscale></attr><attr><attrlabl Sync="TRUE">R_ST_DESC</attrlabl><attalias Sync="TRUE">R_ST_DESC</attalias><attrtype Sync="TRUE">String</attrtype><attwidth Sync="TRUE">254</attwidth><atprecis Sync="TRUE">0</atprecis><attscale Sync="TRUE">0</attscale></attr><attr><attrlabl Sync="TRUE">R_END_DESC</attrlabl><attalias Sync="TRUE">R_END_DESC</attalias><attrtype Sync="TRUE">String</attrtype><attwidth Sync="TRUE">254</attwidth><atprecis Sync="TRUE">0</atprecis><attscale Sync="TRUE">0</attscale></attr><attr><attrlabl Sync="TRUE">V_DATM_OFF</attrlabl><attalias Sync="TRUE">V_DATM_OFF</attalias><attrtype Sync="TRUE">String</attrtype><attwidth Sync="TRUE">6</attwidth><atprecis Sync="TRUE">0</atprecis><attscale Sync="TRUE">0</attscale></attr><attr><attrlabl Sync="TRUE">DATUM_UNIT</attrlabl><attalias Sync="TRUE">DATUM_UNIT</attalias><attrtype Sync="TRUE">String</attrtype><attwidth Sync="TRUE">16</attwidth><atprecis Sync="TRUE">0</atprecis><attscale Sync="TRUE">0</attscale></attr><attr><attrlabl Sync="TRUE">FLD_PROB1</attrlabl><attalias Sync="TRUE">FLD_PROB1</attalias><attrtype Sync="TRUE">String</attrtype><attwidth Sync="TRUE">254</attwidth><atprecis Sync="TRUE">0</atprecis><attscale Sync="TRUE">0</attscale></attr><attr><attrlabl Sync="TRUE">FLD_PROB2</attrlabl><attalias Sync="TRUE">FLD_PROB2</attalias><attrtype Sync="TRUE">String</attrtype><attwidth Sync="TRUE">254</attwidth><atprecis Sync="TRUE">0</atprecis><attscale Sync="TRUE">0</attscale></attr><attr><attrlabl Sync="TRUE">FLD_PROB3</attrlabl><attalias Sync="TRUE">FLD_PROB3</attalias><attrtype Sync="TRUE">String</attrtype><attwidth Sync="TRUE">254</attwidth><atprecis Sync="TRUE">0</atprecis><attscale Sync="TRUE">0</attscale></attr><attr><attrlabl Sync="TRUE">SPEC_CONS1</attrlabl><attalias Sync="TRUE">SPEC_CONS1</attalias><attrtype Sync="TRUE">String</attrtype><attwidth Sync="TRUE">254</attwidth><atprecis Sync="TRUE">0</atprecis><attscale Sync="TRUE">0</attscale></attr><attr><attrlabl Sync="TRUE">SPEC_CONS2</attrlabl><attalias Sync="TRUE">SPEC_CONS2</attalias><attrtype Sync="TRUE">String</attrtype><attwidth Sync="TRUE">254</attwidth><atprecis Sync="TRUE">0</atprecis><attscale Sync="TRUE">0</attscale></attr><attr><attrlabl Sync="TRUE">START_ID</attrlabl><attalias Sync="TRUE">START_ID</attalias><attrtype Sync="TRUE">String</attrtype><attwidth Sync="TRUE">32</attwidth><atprecis Sync="TRUE">0</atprecis><attscale Sync="TRUE">0</attscale></attr><attr><attrlabl Sync="TRUE">SOURCE_CIT</attrlabl><attalias Sync="TRUE">SOURCE_CIT</attalias><attrtype Sync="TRUE">String</attrtype><attwidth Sync="TRUE">21</attwidth><atprecis Sync="TRUE">0</atprecis><attscale Sync="TRUE">0</attscale></attr><attr><attrlabl Sync="TRUE">SHAPE_Leng</attrlabl><attalias Sync="TRUE">SHAPE_Leng</attalias><attrtype Sync="TRUE">Double</attrtype><attwidth Sync="TRUE">19</attwidth><atprecis Sync="TRUE">0</atprecis><attscale Sync="TRUE">0</attscale></attr></detailed></eainfo><mdDateSt Sync="TRUE">20240124</mdDateSt></metadata>
