<?xml version="1.0" encoding="UTF-8"?>
<metadata xml:lang="en"><Esri><CreaDate>20240124</CreaDate><CreaTime>17335900</CreaTime><ArcGISFormat>1.0</ArcGISFormat><SyncOnce>TRUE</SyncOnce><DataProperties><lineage><Process ToolSource="c:\program files\arcgis\pro\Resources\ArcToolbox\toolboxes\Conversion Tools.tbx\ExportTable" Date="20240124" Time="173359">ExportTable in_memory\NFHL_L_XS_Elev "C:\Users\kzaman\OneDrive - Stantec\FFRMS_Azure\Douglass_NV\16050101\Production\handy\16050101\inputs\16050101_a\FVA_L_XS_Elev.dbf" # NOT_USE_ALIAS "DFIRM_ID "DFIRM_ID" true true false 6 Text 0 0,First,#,in_memory\NFHL_L_XS_Elev,DFIRM_ID,0,5;VERSION_ID "VERSION_ID" true true false 11 Text 0 0,First,#,in_memory\NFHL_L_XS_Elev,VERSION_ID,0,10;XS_ELEV_ID "XS_ELEV_ID" true true false 32 Text 0 0,First,#,in_memory\NFHL_L_XS_Elev,XS_ELEV_ID,0,31;XS_LN_ID "XS_LN_ID" true true false 32 Text 0 0,First,#,in_memory\NFHL_L_XS_Elev,XS_LN_ID,0,31;FW_WIDTH "FW_WIDTH" true true false 8 Double 0 0,First,#,in_memory\NFHL_L_XS_Elev,FW_WIDTH,-1,-1;FW_WIDTHIN "FW_WIDTHIN" true true false 8 Double 0 0,First,#,in_memory\NFHL_L_XS_Elev,FW_WIDTHIN,-1,-1;NE_WIDTH_L "NE_WIDTH_L" true true false 8 Double 0 0,First,#,in_memory\NFHL_L_XS_Elev,NE_WIDTH_L,-1,-1;NE_WIDTH_R "NE_WIDTH_R" true true false 8 Double 0 0,First,#,in_memory\NFHL_L_XS_Elev,NE_WIDTH_R,-1,-1;XS_AREA "XS_AREA" true true false 8 Double 0 0,First,#,in_memory\NFHL_L_XS_Elev,XS_AREA,-1,-1;AREA_UNIT "AREA_UNIT" true true false 17 Text 0 0,First,#,in_memory\NFHL_L_XS_Elev,AREA_UNIT,0,16;VELOCITY "VELOCITY" true true false 8 Double 0 0,First,#,in_memory\NFHL_L_XS_Elev,VELOCITY,-1,-1;VEL_UNIT "VEL_UNIT" true true false 20 Text 0 0,First,#,in_memory\NFHL_L_XS_Elev,VEL_UNIT,0,19;EVENT_TYP "EVENT_TYP" true true false 37 Text 0 0,First,#,in_memory\NFHL_L_XS_Elev,EVENT_TYP,0,36;WSEL "WSEL" true true false 8 Double 0 0,First,#,in_memory\NFHL_L_XS_Elev,WSEL,-1,-1;WSEL_WOFWY "WSEL_WOFWY" true true false 8 Double 0 0,First,#,in_memory\NFHL_L_XS_Elev,WSEL_WOFWY,-1,-1;WSEL_FLDWY "WSEL_FLDWY" true true false 8 Double 0 0,First,#,in_memory\NFHL_L_XS_Elev,WSEL_FLDWY,-1,-1;WSEL_INCRS "WSEL_INCRS" true true false 8 Double 0 0,First,#,in_memory\NFHL_L_XS_Elev,WSEL_INCRS,-1,-1;LEN_UNIT "LEN_UNIT" true true false 16 Text 0 0,First,#,in_memory\NFHL_L_XS_Elev,LEN_UNIT,0,15;V_DATUM "V_DATUM" true true false 17 Text 0 0,First,#,in_memory\NFHL_L_XS_Elev,V_DATUM,0,16;LEVEE_TF "LEVEE_TF" true true false 1 Text 0 0,First,#,in_memory\NFHL_L_XS_Elev,LEVEE_TF,0,0;LVSCENARIO "LVSCENARIO" true true false 16 Text 0 0,First,#,in_memory\NFHL_L_XS_Elev,LVSCENARIO,0,15;WSELREG_LL "WSELREG_LL" true true false 8 Double 0 0,First,#,in_memory\NFHL_L_XS_Elev,WSELREG_LL,-1,-1;WSELREG_RL "WSELREG_RL" true true false 8 Double 0 0,First,#,in_memory\NFHL_L_XS_Elev,WSELREG_RL,-1,-1;FREEBRD_LL "FREEFRD_LL" true true false 8 Double 0 0,First,#,in_memory\NFHL_L_XS_Elev,FREEBRD_LL,-1,-1;FREEBRD_RL "FREEBRD_RL" true true false 8 Double 0 0,First,#,in_memory\NFHL_L_XS_Elev,FREEBRD_RL,-1,-1;CALC_WO_BW "CALC_WO_BW" true true false 1 Text 0 0,First,#,in_memory\NFHL_L_XS_Elev,CALC_WO_BW,0,0;EVAL_LN "EVAL_LN" true true false 1 Text 0 0,First,#,in_memory\NFHL_L_XS_Elev,EVAL_LN,0,0" #</Process></lineage></DataProperties></Esri></metadata>
