<?xml version="1.0" encoding="UTF-8"?>
<metadata xml:lang="en"><Esri><CreaDate>20230808</CreaDate><CreaTime>15124000</CreaTime><ArcGISFormat>1.0</ArcGISFormat><SyncOnce>FALSE</SyncOnce><DataProperties><lineage><Process ToolSource="c:\program files\arcgis\pro\Resources\ArcToolbox\toolboxes\Conversion Tools.tbx\ExportFeatures" Date="20230808" Time="151240">ExportFeatures "New Group Layer\HUC8_FFRMS Sumary - Partners" "C:\Users\kali6391\OneDrive Corp\SNC Lavalin Group\STARRII-FFRMS_FVA_Zone3 - Resources\Data\Scope\STARRII_FFRMS_HUC8s_Scope.shp" # NOT_USE_ALIAS "Max_Priority "Max_Priority" true true false 4 Long 0 0,First,#,New Group Layer\HUC8_FFRMS Sumary - Partners,HUC8_FFRMS.Max_Priority,-1,-1;Coastal "Coastal" true true false 8 Double 0 0,First,#,New Group Layer\HUC8_FFRMS Sumary - Partners,HUC8_FFRMS.Coastal,-1,-1;Month "Month" true true false 2 Short 0 0,First,#,New Group Layer\HUC8_FFRMS Sumary - Partners,HUC8_FFRMS.Month,-1,-1;Total_Miles "Total_Miles" true true false 8 Double 0 0,First,#,New Group Layer\HUC8_FFRMS Sumary - Partners,HUC8_FFRMS.Total_Miles,-1,-1;Partner "Partner" true true false 4 Long 0 0,First,#,New Group Layer\HUC8_FFRMS Sumary - Partners,HUC8_FFRMS.Partner,-1,-1;areaacres "AreaAcres" true true false 8 Double 0 0,First,#,New Group Layer\HUC8_FFRMS Sumary - Partners,HUC8_FFRMS.areaacres,-1,-1;areasqkm "AreaSqKm" true true false 8 Double 0 0,First,#,New Group Layer\HUC8_FFRMS Sumary - Partners,HUC8_FFRMS.areasqkm,-1,-1;states "States" true true false 50 Text 0 0,First,#,New Group Layer\HUC8_FFRMS Sumary - Partners,HUC8_FFRMS.states,0,50;huc8 "HUC8" true true false 8 Text 0 0,First,#,New Group Layer\HUC8_FFRMS Sumary - Partners,HUC8_FFRMS.huc8,0,8;name "Name" true true false 120 Text 0 0,First,#,New Group Layer\HUC8_FFRMS Sumary - Partners,HUC8_FFRMS.name,0,120;globalid "globalid" false false true 38 Text 0 0,First,#,New Group Layer\HUC8_FFRMS Sumary - Partners,HUC8_FFRMS.globalid,-1,-1;Approx_LFD "Approx_LFD" true true false 8 Double 0 0,First,#,New Group Layer\HUC8_FFRMS Sumary - Partners,HUC8_FFRMS.Approx_LFD,-1,-1;Approx_NoXS "Approx_NoXS" true true false 8 Double 0 0,First,#,New Group Layer\HUC8_FFRMS Sumary - Partners,HUC8_FFRMS.Approx_NoXS,-1,-1;Detail_Eff "Detail_Eff" true true false 8 Double 0 0,First,#,New Group Layer\HUC8_FFRMS Sumary - Partners,HUC8_FFRMS.Detail_Eff,-1,-1;Approx_XS "Approx_XS" true true false 8 Double 0 0,First,#,New Group Layer\HUC8_FFRMS Sumary - Partners,HUC8_FFRMS.Approx_XS,-1,-1;Detail_LFD "Detail_LFD" true true false 8 Double 0 0,First,#,New Group Layer\HUC8_FFRMS Sumary - Partners,HUC8_FFRMS.Detail_LFD,-1,-1;STATE "STATE" true true false 2 Text 0 0,First,#,New Group Layer\HUC8_FFRMS Sumary - Partners,HUC8_FFRMSSumary_AddSpatialJoin.STATE,0,2;COUNTY "COUNTY" true true false 50 Text 0 0,First,#,New Group Layer\HUC8_FFRMS Sumary - Partners,HUC8_FFRMSSumary_AddSpatialJoin.COUNTY,0,50;FIPS "FIPS" true true false 5 Text 0 0,First,#,New Group Layer\HUC8_FFRMS Sumary - Partners,HUC8_FFRMSSumary_AddSpatialJoin.FIPS,0,5;STATE_FIPS "STATE_FIPS" true true false 2 Text 0 0,First,#,New Group Layer\HUC8_FFRMS Sumary - Partners,HUC8_FFRMSSumary_AddSpatialJoin.STATE_FIPS,0,2;SQUARE_MIL "SQUARE_MIL" true true false 8 Double 0 0,First,#,New Group Layer\HUC8_FFRMS Sumary - Partners,HUC8_FFRMSSumary_AddSpatialJoin.SQUARE_MIL,-1,-1;temp "temp" true true false 100 Text 0 0,First,#,New Group Layer\HUC8_FFRMS Sumary - Partners,HUC8_FFRMSSumary_AddSpatialJoin.temp,0,100;temp2 "temp2" true true false 2 Short 0 0,First,#,New Group Layer\HUC8_FFRMS Sumary - Partners,HUC8_FFRMSSumary_AddSpatialJoin.temp2,-1,-1;temp3 "temp3" true true false 2 Short 0 0,First,#,New Group Layer\HUC8_FFRMS Sumary - Partners,HUC8_FFRMSSumary_AddSpatialJoin.temp3,-1,-1;shape_Length "shape_Length" false true true 8 Double 0 0,First,#,New Group Layer\HUC8_FFRMS Sumary - Partners,HUC8_FFRMSSumary_AddSpatialJoin.shape_Length,-1,-1;shape_Area "shape_Area" false true true 8 Double 0 0,First,#,New Group Layer\HUC8_FFRMS Sumary - Partners,HUC8_FFRMSSumary_AddSpatialJoin.shape_Area,-1,-1;shape_Length "shape_Length" false true true 8 Double 0 0,First,#,New Group Layer\HUC8_FFRMS Sumary - Partners,HUC8_FFRMS.shape_Length,-1,-1;shape_Area "shape_Area" false true true 8 Double 0 0,First,#,New Group Layer\HUC8_FFRMS Sumary - Partners,HUC8_FFRMS.shape_Area,-1,-1;OBJECTID "ObjectID" false true false 4 Long 0 9,First,#,New Group Layer\HUC8_FFRMS Sumary - Partners,HUC8_FFRMSSumaryPartners_AddSpatialJoin.OBJECTID,-1,-1;Join_Count "Join_Count" true true false 4 Long 0 0,First,#,New Group Layer\HUC8_FFRMS Sumary - Partners,HUC8_FFRMSSumaryPartners_AddSpatialJoin.Join_Count,-1,-1;TARGET_FID "TARGET_FID" true true false 4 Long 0 0,First,#,New Group Layer\HUC8_FFRMS Sumary - Partners,HUC8_FFRMSSumaryPartners_AddSpatialJoin.TARGET_FID,-1,-1;AREA "AREA" true true false 8 Double 0 0,First,#,New Group Layer\HUC8_FFRMS Sumary - Partners,HUC8_FFRMSSumaryPartners_AddSpatialJoin.AREA,-1,-1;PERIMETER "PERIMETER" true true false 8 Double 0 0,First,#,New Group Layer\HUC8_FFRMS Sumary - Partners,HUC8_FFRMSSumaryPartners_AddSpatialJoin.PERIMETER,-1,-1;COUNTYP020 "COUNTYP020" true true false 8 Double 0 0,First,#,New Group Layer\HUC8_FFRMS Sumary - Partners,HUC8_FFRMSSumaryPartners_AddSpatialJoin.COUNTYP020,-1,-1;STATE "STATE" true true false 2 Text 0 0,First,#,New Group Layer\HUC8_FFRMS Sumary - Partners,HUC8_FFRMSSumaryPartners_AddSpatialJoin.STATE,0,2;COUNTY "COUNTY" true true false 50 Text 0 0,First,#,New Group Layer\HUC8_FFRMS Sumary - Partners,HUC8_FFRMSSumaryPartners_AddSpatialJoin.COUNTY,0,50;FIPS "FIPS" true true false 5 Text 0 0,First,#,New Group Layer\HUC8_FFRMS Sumary - Partners,HUC8_FFRMSSumaryPartners_AddSpatialJoin.FIPS,0,5;STATE_FIPS "STATE_FIPS" true true false 2 Text 0 0,First,#,New Group Layer\HUC8_FFRMS Sumary - Partners,HUC8_FFRMSSumaryPartners_AddSpatialJoin.STATE_FIPS,0,2;SQUARE_MIL "SQUARE_MIL" true true false 8 Double 0 0,First,#,New Group Layer\HUC8_FFRMS Sumary - Partners,HUC8_FFRMSSumaryPartners_AddSpatialJoin.SQUARE_MIL,-1,-1;temp "temp" true true false 100 Text 0 0,First,#,New Group Layer\HUC8_FFRMS Sumary - Partners,HUC8_FFRMSSumaryPartners_AddSpatialJoin.temp,0,100;temp2 "temp2" true true false 2 Short 0 0,First,#,New Group Layer\HUC8_FFRMS Sumary - Partners,HUC8_FFRMSSumaryPartners_AddSpatialJoin.temp2,-1,-1;temp3 "temp3" true true false 2 Short 0 0,First,#,New Group Layer\HUC8_FFRMS Sumary - Partners,HUC8_FFRMSSumaryPartners_AddSpatialJoin.temp3,-1,-1;area_sqmi "area_sqmi" true true false 8 Double 0 0,First,#,New Group Layer\HUC8_FFRMS Sumary - Partners,HUC8_FFRMSSumaryPartners_AddSpatialJoin.area_sqmi,-1,-1;IowaNow "IowaNow" true true false 2 Short 0 0,First,#,New Group Layer\HUC8_FFRMS Sumary - Partners,HUC8_FFRMSSumaryPartners_AddSpatialJoin.IowaNow,-1,-1;shape_Length "shape_Length" false true true 8 Double 0 0,First,#,New Group Layer\HUC8_FFRMS Sumary - Partners,HUC8_FFRMSSumaryPartners_AddSpatialJoin.shape_Length,-1,-1;shape_Area "shape_Area" false true true 8 Double 0 0,First,#,New Group Layer\HUC8_FFRMS Sumary - Partners,HUC8_FFRMSSumaryPartners_AddSpatialJoin.shape_Area,-1,-1" #</Process><Process ToolSource="c:\program files\arcgis\pro\Resources\ArcToolbox\Toolboxes\Data Management Tools.tbx\CalculateField" Date="20230828" Time="061415">CalculateField "New Group Layer\STARRII_FFRMS_HUC8s_Scope" Partner 1 "Python 3" # Text NO_ENFORCE_DOMAINS</Process><Process ToolSource="c:\program files\arcgis\pro\Resources\ArcToolbox\toolboxes\Analysis Tools.tbx\Buffer" Date="20240124" Time="173351">Buffer HUC8_layer "C:\Users\kzaman\OneDrive - Stantec\FFRMS_Azure\Douglass_NV\16050101\Production\handy\16050101\inputs\16050101_a\HUC8_16050101_Buffer.shp" "1 Kilometers" Full Round "Dissolve all output features into a single feature" # Planar</Process></lineage><itemProps><itemName Sync="TRUE">HUC8_16050101_Buffer</itemName><imsContentType Sync="TRUE">002</imsContentType><itemSize Sync="TRUE">0.000</itemSize><itemLocation><linkage Sync="TRUE">file://\\ZAMANK-LT\C$\Users\kzaman\OneDrive - Stantec\FFRMS_Azure\Douglass_NV\16050101\Production\handy\16050101\inputs\16050101_a\HUC8_16050101_Buffer.shp</linkage><protocol Sync="TRUE">Local Area Network</protocol></itemLocation></itemProps><coordRef><type Sync="TRUE">Geographic</type><geogcsn Sync="TRUE">GCS_North_American_1983</geogcsn><csUnits Sync="TRUE">Angular Unit: Degree (0.017453)</csUnits><peXml Sync="TRUE">&lt;GeographicCoordinateSystem xsi:type='typens:GeographicCoordinateSystem' xmlns:xsi='http://www.w3.org/2001/XMLSchema-instance' xmlns:xs='http://www.w3.org/2001/XMLSchema' xmlns:typens='http://www.esri.com/schemas/ArcGIS/3.2.0'&gt;&lt;WKT&gt;GEOGCS[&amp;quot;GCS_North_American_1983&amp;quot;,DATUM[&amp;quot;D_North_American_1983&amp;quot;,SPHEROID[&amp;quot;GRS_1980&amp;quot;,6378137.0,298.257222101]],PRIMEM[&amp;quot;Greenwich&amp;quot;,0.0],UNIT[&amp;quot;Degree&amp;quot;,0.0174532925199433],AUTHORITY[&amp;quot;EPSG&amp;quot;,4269]],VERTCS[&amp;quot;NAVD_1988&amp;quot;,VDATUM[&amp;quot;North_American_Vertical_Datum_1988&amp;quot;],PARAMETER[&amp;quot;Vertical_Shift&amp;quot;,0.0],PARAMETER[&amp;quot;Direction&amp;quot;,1.0],UNIT[&amp;quot;Meter&amp;quot;,1.0],AUTHORITY[&amp;quot;EPSG&amp;quot;,5703]]&lt;/WKT&gt;&lt;XOrigin&gt;-400&lt;/XOrigin&gt;&lt;YOrigin&gt;-400&lt;/YOrigin&gt;&lt;XYScale&gt;11258999068426.238&lt;/XYScale&gt;&lt;ZOrigin&gt;-100000&lt;/ZOrigin&gt;&lt;ZScale&gt;10000&lt;/ZScale&gt;&lt;MOrigin&gt;-100000&lt;/MOrigin&gt;&lt;MScale&gt;10000&lt;/MScale&gt;&lt;XYTolerance&gt;8.983152841195215e-09&lt;/XYTolerance&gt;&lt;ZTolerance&gt;0.001&lt;/ZTolerance&gt;&lt;MTolerance&gt;0.001&lt;/MTolerance&gt;&lt;HighPrecision&gt;true&lt;/HighPrecision&gt;&lt;LeftLongitude&gt;-180&lt;/LeftLongitude&gt;&lt;WKID&gt;4269&lt;/WKID&gt;&lt;LatestWKID&gt;4269&lt;/LatestWKID&gt;&lt;VCSWKID&gt;5703&lt;/VCSWKID&gt;&lt;LatestVCSWKID&gt;5703&lt;/LatestVCSWKID&gt;&lt;/GeographicCoordinateSystem&gt;</peXml></coordRef><LayerFile>{"type":"CIMLayerDocument","version":"3.2.0","build":49743,"layers":["CIMPATH=map/huc8_16050101_buffer.json"],"layerDefinitions":[{"type":"CIMFeatureLayer","name":"HUC8_16050101_Buffer","uRI":"CIMPATH=map/huc8_16050101_buffer.json","sourceModifiedTime":{"type":"TimeInstant"},"useSourceMetadata":true,"description":"HUC8_16050101_Buffer","layerElevation":{"type":"CIMLayerElevationSurface","elevationSurfaceLayerURI":"CIMPATH=c780d07163e34edabad32d01f86aa055.json"},"expanded":true,"layerType":"Operational","showLegends":true,"visibility":true,"displayCacheType":"Permanent","maxDisplayCacheAge":5,"showPopups":true,"serviceLayerID":-1,"refreshRate":-1,"refreshRateUnit":"esriTimeUnitsSeconds","blendingMode":"Alpha","allowDrapingOnIntegratedMesh":true,"autoGenerateFeatureTemplates":true,"featureElevationExpression":"0","featureTable":{"type":"CIMFeatureTable","displayField":"Id","editable":true,"dataConnection":{"type":"CIMStandardDataConnection"},"studyAreaSpatialRel":"esriSpatialRelUndefined","searchOrder":"esriSearchOrderSpatial"},"htmlPopupEnabled":true,"selectable":true,"featureCacheType":"Session","displayFiltersType":"ByScale","featureBlendingMode":"Alpha","labelClasses":[{"type":"CIMLabelClass","expression":"$feature.OBJECTID","expressionEngine":"Arcade","featuresToLabel":"AllVisibleFeatures","maplexLabelPlacementProperties":{"type":"CIMMaplexLabelPlacementProperties","featureType":"Polygon","avoidPolygonHoles":true,"canOverrunFeature":true,"canPlaceLabelOutsidePolygon":true,"canRemoveOverlappingLabel":true,"canStackLabel":true,"centerLabelAnchorType":"Symbol","connectionType":"Unambiguous","constrainOffset":"NoConstraint","contourAlignmentType":"Page","contourLadderType":"Straight","contourMaximumAngle":90,"enableConnection":true,"featureWeight":0,"fontHeightReductionLimit":4,"fontHeightReductionStep":0.5,"fontWidthReductionLimit":90,"fontWidthReductionStep":5,"graticuleAlignmentType":"Straight","keyNumberGroupName":"Default","labelBuffer":15,"labelLargestPolygon":false,"labelPriority":-1,"labelStackingProperties":{"type":"CIMMaplexLabelStackingProperties","stackAlignment":"ChooseBest","maximumNumberOfLines":3,"minimumNumberOfCharsPerLine":3,"maximumNumberOfCharsPerLine":24,"separators":[{"type":"CIMMaplexStackingSeparator","separator":" ","splitAfter":true},{"type":"CIMMaplexStackingSeparator","separator":",","visible":true,"splitAfter":true}],"trimStackingSeparators":true},"lineFeatureType":"General","linePlacementMethod":"OffsetCurvedFromLine","maximumLabelOverrun":80,"maximumLabelOverrunUnit":"Point","minimumFeatureSizeUnit":"Map","multiPartOption":"OneLabelPerPart","offsetAlongLineProperties":{"type":"CIMMaplexOffsetAlongLineProperties","placementMethod":"BestPositionAlongLine","labelAnchorPoint":"CenterOfLabel","distanceUnit":"Percentage","useLineDirection":true},"pointExternalZonePriorities":{"type":"CIMMaplexExternalZonePriorities","aboveLeft":4,"aboveCenter":2,"aboveRight":1,"centerRight":3,"belowRight":5,"belowCenter":7,"belowLeft":8,"centerLeft":6},"pointPlacementMethod":"AroundPoint","polygonAnchorPointType":"GeometricCenter","polygonBoundaryWeight":0,"polygonExternalZones":{"type":"CIMMaplexExternalZonePriorities","aboveLeft":4,"aboveCenter":2,"aboveRight":1,"centerRight":3,"belowRight":5,"belowCenter":7,"belowLeft":8,"centerLeft":6},"polygonFeatureType":"General","polygonInternalZones":{"type":"CIMMaplexInternalZonePriorities","center":1},"polygonPlacementMethod":"HorizontalInPolygon","primaryOffset":1,"primaryOffsetUnit":"Point","removeAmbiguousLabels":"All","removeExtraWhiteSpace":true,"repetitionIntervalUnit":"Map","rotationProperties":{"type":"CIMMaplexRotationProperties","rotationType":"Arithmetic","alignmentType":"Straight"},"secondaryOffset":100,"secondaryOffsetUnit":"Percentage","strategyPriorities":{"type":"CIMMaplexStrategyPriorities","stacking":1,"overrun":2,"fontCompression":3,"fontReduction":4,"abbreviation":5},"thinningDistanceUnit":"Point","truncationMarkerCharacter":".","truncationMinimumLength":1,"truncationPreferredCharacters":"aeiou","polygonAnchorPointPerimeterInsetUnit":"Point"},"name":"Class 1","priority":-1,"standardLabelPlacementProperties":{"type":"CIMStandardLabelPlacementProperties","featureType":"Line","featureWeight":"Low","labelWeight":"High","numLabelsOption":"OneLabelPerName","lineLabelPosition":{"type":"CIMStandardLineLabelPosition","above":true,"inLine":true,"parallel":true},"lineLabelPriorities":{"type":"CIMStandardLineLabelPriorities","aboveStart":3,"aboveAlong":3,"aboveEnd":3,"centerStart":3,"centerAlong":3,"centerEnd":3,"belowStart":3,"belowAlong":3,"belowEnd":3},"pointPlacementMethod":"AroundPoint","pointPlacementPriorities":{"type":"CIMStandardPointPlacementPriorities","aboveLeft":2,"aboveCenter":2,"aboveRight":1,"centerLeft":3,"centerRight":2,"belowLeft":3,"belowCenter":3,"belowRight":2},"rotationType":"Arithmetic","polygonPlacementMethod":"AlwaysHorizontal"},"textSymbol":{"type":"CIMSymbolReference","symbol":{"type":"CIMTextSymbol","blockProgression":"TTB","depth3D":1,"extrapolateBaselines":true,"fontEffects":"Normal","fontEncoding":"Unicode","fontFamilyName":"Tahoma","fontStyleName":"Regular","fontType":"Unspecified","haloSize":1,"height":10,"hinting":"Default","horizontalAlignment":"Left","kerning":true,"letterWidth":100,"ligatures":true,"lineGapType":"ExtraLeading","symbol":{"type":"CIMPolygonSymbol","symbolLayers":[{"type":"CIMSolidFill","enable":true,"color":{"type":"CIMRGBColor","values":[0,0,0,100]}}],"angleAlignment":"Map"},"textCase":"Normal","textDirection":"LTR","verticalAlignment":"Bottom","verticalGlyphOrientation":"Right","wordSpacing":100,"billboardMode3D":"FaceNearPlane"}},"useCodedValue":true,"visibility":true,"iD":-1}],"renderer":{"type":"CIMSimpleRenderer","sampleSize":10000,"patch":"Default","symbol":{"type":"CIMSymbolReference","symbol":{"type":"CIMPolygonSymbol","symbolLayers":[{"type":"CIMSolidStroke","enable":true,"colorLocked":true,"capStyle":"Butt","joinStyle":"Round","lineStyle3D":"Strip","miterLimit":10,"width":1,"height3D":1,"anchor3D":"Center","color":{"type":"CIMRGBColor","values":[110,110,110,100]}},{"type":"CIMSolidFill","enable":true,"color":{"type":"CIMRGBColor","values":[0,100,255,36.862743377685547]}}],"angleAlignment":"Map"}}},"scaleSymbols":true,"snappable":true}]}</LayerFile></DataProperties><SyncDate>20240124</SyncDate><SyncTime>17335000</SyncTime><ModDate>20240124</ModDate><ModTime>17335000</ModTime></Esri><dataIdInfo><envirDesc Sync="TRUE">Microsoft Windows 10 Version 10.0 (Build 19045) ; Esri ArcGIS 13.2.0.49743</envirDesc><dataLang><languageCode value="eng" Sync="TRUE"></languageCode><countryCode value="USA" Sync="TRUE"></countryCode></dataLang><idCitation><resTitle Sync="TRUE">HUC8_16050101_Buffer</resTitle><presForm><PresFormCd value="005" Sync="TRUE"></PresFormCd></presForm></idCitation><spatRpType><SpatRepTypCd value="001" Sync="TRUE"></SpatRepTypCd></spatRpType></dataIdInfo><mdLang><languageCode value="eng" Sync="TRUE"></languageCode><countryCode value="USA" Sync="TRUE"></countryCode></mdLang><mdChar><CharSetCd value="004" Sync="TRUE"></CharSetCd></mdChar><distInfo><distFormat><formatName Sync="TRUE">Shapefile</formatName></distFormat><distTranOps><transSize Sync="TRUE">0.000</transSize></distTranOps></distInfo><mdHrLv><ScopeCd value="005" Sync="TRUE"></ScopeCd></mdHrLv><mdHrLvName Sync="TRUE">dataset</mdHrLvName><refSysInfo><RefSystem><refSysID><identCode code="4269" Sync="TRUE"></identCode><idCodeSpace Sync="TRUE">EPSG</idCodeSpace><idVersion Sync="TRUE">6.5(3.0.1)</idVersion></refSysID></RefSystem></refSysInfo><spatRepInfo><VectSpatRep><geometObjs Name="HUC8_16050101_Buffer"><geoObjTyp><GeoObjTypCd value="002" Sync="TRUE"></GeoObjTypCd></geoObjTyp><geoObjCnt Sync="TRUE">0</geoObjCnt></geometObjs><topLvl><TopoLevCd value="001" Sync="TRUE"></TopoLevCd></topLvl></VectSpatRep></spatRepInfo><spdoinfo><ptvctinf><esriterm Name="HUC8_16050101_Buffer"><efeatyp Sync="TRUE">Simple</efeatyp><efeageom code="4" Sync="TRUE"></efeageom><esritopo Sync="TRUE">FALSE</esritopo><efeacnt Sync="TRUE">0</efeacnt><spindex Sync="TRUE">FALSE</spindex><linrefer Sync="TRUE">FALSE</linrefer></esriterm></ptvctinf></spdoinfo><eainfo><detailed Name="HUC8_16050101_Buffer"><enttyp><enttypl Sync="TRUE">HUC8_16050101_Buffer</enttypl><enttypt Sync="TRUE">Feature Class</enttypt><enttypc Sync="TRUE">0</enttypc></enttyp><attr><attrlabl Sync="TRUE">FID</attrlabl><attalias Sync="TRUE">FID</attalias><attrtype Sync="TRUE">OID</attrtype><attwidth Sync="TRUE">4</attwidth><atprecis Sync="TRUE">0</atprecis><attscale Sync="TRUE">0</attscale><attrdef Sync="TRUE">Internal feature number.</attrdef><attrdefs Sync="TRUE">Esri</attrdefs><attrdomv><udom Sync="TRUE">Sequential unique whole numbers that are automatically generated.</udom></attrdomv></attr><attr><attrlabl Sync="TRUE">Shape</attrlabl><attalias Sync="TRUE">Shape</attalias><attrtype Sync="TRUE">Geometry</attrtype><attwidth Sync="TRUE">0</attwidth><atprecis Sync="TRUE">0</atprecis><attscale Sync="TRUE">0</attscale><attrdef Sync="TRUE">Feature geometry.</attrdef><attrdefs Sync="TRUE">Esri</attrdefs><attrdomv><udom Sync="TRUE">Coordinates defining the features.</udom></attrdomv></attr><attr><attrlabl Sync="TRUE">Id</attrlabl><attalias Sync="TRUE">Id</attalias><attrtype Sync="TRUE">Integer</attrtype><attwidth Sync="TRUE">6</attwidth><atprecis Sync="TRUE">6</atprecis><attscale Sync="TRUE">0</attscale></attr></detailed></eainfo><mdDateSt Sync="TRUE">20240124</mdDateSt></metadata>
