<?xml version="1.0" encoding="UTF-8"?>
<metadata xml:lang="en"><Esri><CreaDate>20230808</CreaDate><CreaTime>15124000</CreaTime><ArcGISFormat>1.0</ArcGISFormat><SyncOnce>FALSE</SyncOnce><DataProperties><lineage><Process ToolSource="c:\program files\arcgis\pro\Resources\ArcToolbox\toolboxes\Conversion Tools.tbx\ExportFeatures" Date="20230808" Time="151240">ExportFeatures "New Group Layer\HUC8_FFRMS Sumary - Partners" "C:\Users\kali6391\OneDrive Corp\SNC Lavalin Group\STARRII-FFRMS_FVA_Zone3 - Resources\Data\Scope\STARRII_FFRMS_HUC8s_Scope.shp" # NOT_USE_ALIAS "Max_Priority "Max_Priority" true true false 4 Long 0 0,First,#,New Group Layer\HUC8_FFRMS Sumary - Partners,HUC8_FFRMS.Max_Priority,-1,-1;Coastal "Coastal" true true false 8 Double 0 0,First,#,New Group Layer\HUC8_FFRMS Sumary - Partners,HUC8_FFRMS.Coastal,-1,-1;Month "Month" true true false 2 Short 0 0,First,#,New Group Layer\HUC8_FFRMS Sumary - Partners,HUC8_FFRMS.Month,-1,-1;Total_Miles "Total_Miles" true true false 8 Double 0 0,First,#,New Group Layer\HUC8_FFRMS Sumary - Partners,HUC8_FFRMS.Total_Miles,-1,-1;Partner "Partner" true true false 4 Long 0 0,First,#,New Group Layer\HUC8_FFRMS Sumary - Partners,HUC8_FFRMS.Partner,-1,-1;areaacres "AreaAcres" true true false 8 Double 0 0,First,#,New Group Layer\HUC8_FFRMS Sumary - Partners,HUC8_FFRMS.areaacres,-1,-1;areasqkm "AreaSqKm" true true false 8 Double 0 0,First,#,New Group Layer\HUC8_FFRMS Sumary - Partners,HUC8_FFRMS.areasqkm,-1,-1;states "States" true true false 50 Text 0 0,First,#,New Group Layer\HUC8_FFRMS Sumary - Partners,HUC8_FFRMS.states,0,50;huc8 "HUC8" true true false 8 Text 0 0,First,#,New Group Layer\HUC8_FFRMS Sumary - Partners,HUC8_FFRMS.huc8,0,8;name "Name" true true false 120 Text 0 0,First,#,New Group Layer\HUC8_FFRMS Sumary - Partners,HUC8_FFRMS.name,0,120;globalid "globalid" false false true 38 Text 0 0,First,#,New Group Layer\HUC8_FFRMS Sumary - Partners,HUC8_FFRMS.globalid,-1,-1;Approx_LFD "Approx_LFD" true true false 8 Double 0 0,First,#,New Group Layer\HUC8_FFRMS Sumary - Partners,HUC8_FFRMS.Approx_LFD,-1,-1;Approx_NoXS "Approx_NoXS" true true false 8 Double 0 0,First,#,New Group Layer\HUC8_FFRMS Sumary - Partners,HUC8_FFRMS.Approx_NoXS,-1,-1;Detail_Eff "Detail_Eff" true true false 8 Double 0 0,First,#,New Group Layer\HUC8_FFRMS Sumary - Partners,HUC8_FFRMS.Detail_Eff,-1,-1;Approx_XS "Approx_XS" true true false 8 Double 0 0,First,#,New Group Layer\HUC8_FFRMS Sumary - Partners,HUC8_FFRMS.Approx_XS,-1,-1;Detail_LFD "Detail_LFD" true true false 8 Double 0 0,First,#,New Group Layer\HUC8_FFRMS Sumary - Partners,HUC8_FFRMS.Detail_LFD,-1,-1;STATE "STATE" true true false 2 Text 0 0,First,#,New Group Layer\HUC8_FFRMS Sumary - Partners,HUC8_FFRMSSumary_AddSpatialJoin.STATE,0,2;COUNTY "COUNTY" true true false 50 Text 0 0,First,#,New Group Layer\HUC8_FFRMS Sumary - Partners,HUC8_FFRMSSumary_AddSpatialJoin.COUNTY,0,50;FIPS "FIPS" true true false 5 Text 0 0,First,#,New Group Layer\HUC8_FFRMS Sumary - Partners,HUC8_FFRMSSumary_AddSpatialJoin.FIPS,0,5;STATE_FIPS "STATE_FIPS" true true false 2 Text 0 0,First,#,New Group Layer\HUC8_FFRMS Sumary - Partners,HUC8_FFRMSSumary_AddSpatialJoin.STATE_FIPS,0,2;SQUARE_MIL "SQUARE_MIL" true true false 8 Double 0 0,First,#,New Group Layer\HUC8_FFRMS Sumary - Partners,HUC8_FFRMSSumary_AddSpatialJoin.SQUARE_MIL,-1,-1;temp "temp" true true false 100 Text 0 0,First,#,New Group Layer\HUC8_FFRMS Sumary - Partners,HUC8_FFRMSSumary_AddSpatialJoin.temp,0,100;temp2 "temp2" true true false 2 Short 0 0,First,#,New Group Layer\HUC8_FFRMS Sumary - Partners,HUC8_FFRMSSumary_AddSpatialJoin.temp2,-1,-1;temp3 "temp3" true true false 2 Short 0 0,First,#,New Group Layer\HUC8_FFRMS Sumary - Partners,HUC8_FFRMSSumary_AddSpatialJoin.temp3,-1,-1;shape_Length "shape_Length" false true true 8 Double 0 0,First,#,New Group Layer\HUC8_FFRMS Sumary - Partners,HUC8_FFRMSSumary_AddSpatialJoin.shape_Length,-1,-1;shape_Area "shape_Area" false true true 8 Double 0 0,First,#,New Group Layer\HUC8_FFRMS Sumary - Partners,HUC8_FFRMSSumary_AddSpatialJoin.shape_Area,-1,-1;shape_Length "shape_Length" false true true 8 Double 0 0,First,#,New Group Layer\HUC8_FFRMS Sumary - Partners,HUC8_FFRMS.shape_Length,-1,-1;shape_Area "shape_Area" false true true 8 Double 0 0,First,#,New Group Layer\HUC8_FFRMS Sumary - Partners,HUC8_FFRMS.shape_Area,-1,-1;OBJECTID "ObjectID" false true false 4 Long 0 9,First,#,New Group Layer\HUC8_FFRMS Sumary - Partners,HUC8_FFRMSSumaryPartners_AddSpatialJoin.OBJECTID,-1,-1;Join_Count "Join_Count" true true false 4 Long 0 0,First,#,New Group Layer\HUC8_FFRMS Sumary - Partners,HUC8_FFRMSSumaryPartners_AddSpatialJoin.Join_Count,-1,-1;TARGET_FID "TARGET_FID" true true false 4 Long 0 0,First,#,New Group Layer\HUC8_FFRMS Sumary - Partners,HUC8_FFRMSSumaryPartners_AddSpatialJoin.TARGET_FID,-1,-1;AREA "AREA" true true false 8 Double 0 0,First,#,New Group Layer\HUC8_FFRMS Sumary - Partners,HUC8_FFRMSSumaryPartners_AddSpatialJoin.AREA,-1,-1;PERIMETER "PERIMETER" true true false 8 Double 0 0,First,#,New Group Layer\HUC8_FFRMS Sumary - Partners,HUC8_FFRMSSumaryPartners_AddSpatialJoin.PERIMETER,-1,-1;COUNTYP020 "COUNTYP020" true true false 8 Double 0 0,First,#,New Group Layer\HUC8_FFRMS Sumary - Partners,HUC8_FFRMSSumaryPartners_AddSpatialJoin.COUNTYP020,-1,-1;STATE "STATE" true true false 2 Text 0 0,First,#,New Group Layer\HUC8_FFRMS Sumary - Partners,HUC8_FFRMSSumaryPartners_AddSpatialJoin.STATE,0,2;COUNTY "COUNTY" true true false 50 Text 0 0,First,#,New Group Layer\HUC8_FFRMS Sumary - Partners,HUC8_FFRMSSumaryPartners_AddSpatialJoin.COUNTY,0,50;FIPS "FIPS" true true false 5 Text 0 0,First,#,New Group Layer\HUC8_FFRMS Sumary - Partners,HUC8_FFRMSSumaryPartners_AddSpatialJoin.FIPS,0,5;STATE_FIPS "STATE_FIPS" true true false 2 Text 0 0,First,#,New Group Layer\HUC8_FFRMS Sumary - Partners,HUC8_FFRMSSumaryPartners_AddSpatialJoin.STATE_FIPS,0,2;SQUARE_MIL "SQUARE_MIL" true true false 8 Double 0 0,First,#,New Group Layer\HUC8_FFRMS Sumary - Partners,HUC8_FFRMSSumaryPartners_AddSpatialJoin.SQUARE_MIL,-1,-1;temp "temp" true true false 100 Text 0 0,First,#,New Group Layer\HUC8_FFRMS Sumary - Partners,HUC8_FFRMSSumaryPartners_AddSpatialJoin.temp,0,100;temp2 "temp2" true true false 2 Short 0 0,First,#,New Group Layer\HUC8_FFRMS Sumary - Partners,HUC8_FFRMSSumaryPartners_AddSpatialJoin.temp2,-1,-1;temp3 "temp3" true true false 2 Short 0 0,First,#,New Group Layer\HUC8_FFRMS Sumary - Partners,HUC8_FFRMSSumaryPartners_AddSpatialJoin.temp3,-1,-1;area_sqmi "area_sqmi" true true false 8 Double 0 0,First,#,New Group Layer\HUC8_FFRMS Sumary - Partners,HUC8_FFRMSSumaryPartners_AddSpatialJoin.area_sqmi,-1,-1;IowaNow "IowaNow" true true false 2 Short 0 0,First,#,New Group Layer\HUC8_FFRMS Sumary - Partners,HUC8_FFRMSSumaryPartners_AddSpatialJoin.IowaNow,-1,-1;shape_Length "shape_Length" false true true 8 Double 0 0,First,#,New Group Layer\HUC8_FFRMS Sumary - Partners,HUC8_FFRMSSumaryPartners_AddSpatialJoin.shape_Length,-1,-1;shape_Area "shape_Area" false true true 8 Double 0 0,First,#,New Group Layer\HUC8_FFRMS Sumary - Partners,HUC8_FFRMSSumaryPartners_AddSpatialJoin.shape_Area,-1,-1" #</Process><Process ToolSource="c:\program files\arcgis\pro\Resources\ArcToolbox\Toolboxes\Data Management Tools.tbx\CalculateField" Date="20230828" Time="061415">CalculateField "New Group Layer\STARRII_FFRMS_HUC8s_Scope" Partner 1 "Python 3" # Text NO_ENFORCE_DOMAINS</Process><Process ToolSource="c:\program files\arcgis\pro\Resources\ArcToolbox\toolboxes\Data Management Tools.tbx\CopyFeatures" Date="20240126" Time="174402">CopyFeatures HUC8_layer "C:\Users\kzaman\OneDrive - Stantec\FFRMS_Azure\Douglass_NV\16050101\Production\Production_V2\handy\16050101\inputs\16050101_a\HUC8_16050101.shp" # # # #</Process><Process ToolSource="c:\program files\arcgis\pro\Resources\ArcToolbox\toolboxes\Conversion Tools.tbx\ExportFeatures" Date="20240126" Time="183839">ExportFeatures HUC8_16050101 "C:\Users\kzaman\OneDrive - Stantec\FFRMS_Azure\Douglass_NV\16050101\Production\handy\16050101\inputs\16050101_a\HUC8_16050101.shp" # NOT_USE_ALIAS "Max_Priori "Max_Priori" true true false 10 Long 0 10,First,#,HUC8_16050101,Max_Priori,-1,-1;Coastal "Coastal" true true false 19 Double 0 0,First,#,HUC8_16050101,Coastal,-1,-1;Month "Month" true true false 5 Long 0 5,First,#,HUC8_16050101,Month,-1,-1;Total_Mile "Total_Mile" true true false 19 Double 0 0,First,#,HUC8_16050101,Total_Mile,-1,-1;Partner "Partner" true true false 10 Long 0 10,First,#,HUC8_16050101,Partner,-1,-1;areaacres "areaacres" true true false 19 Double 0 0,First,#,HUC8_16050101,areaacres,-1,-1;areasqkm "areasqkm" true true false 19 Double 0 0,First,#,HUC8_16050101,areasqkm,-1,-1;states "states" true true false 50 Text 0 0,First,#,HUC8_16050101,states,0,49;huc8 "huc8" true true false 8 Text 0 0,First,#,HUC8_16050101,huc8,0,7;name "name" true true false 120 Text 0 0,First,#,HUC8_16050101,name,0,119;globalid "globalid" true true false 38 Text 0 0,First,#,HUC8_16050101,globalid,0,37;Approx_LFD "Approx_LFD" true true false 19 Double 0 0,First,#,HUC8_16050101,Approx_LFD,-1,-1;Approx_NoX "Approx_NoX" true true false 19 Double 0 0,First,#,HUC8_16050101,Approx_NoX,-1,-1;Detail_Eff "Detail_Eff" true true false 19 Double 0 0,First,#,HUC8_16050101,Detail_Eff,-1,-1;Approx_XS "Approx_XS" true true false 19 Double 0 0,First,#,HUC8_16050101,Approx_XS,-1,-1;Detail_LFD "Detail_LFD" true true false 19 Double 0 0,First,#,HUC8_16050101,Detail_LFD,-1,-1;STATE "STATE" true true false 2 Text 0 0,First,#,HUC8_16050101,STATE,0,1;COUNTY "COUNTY" true true false 50 Text 0 0,First,#,HUC8_16050101,COUNTY,0,49;FIPS "FIPS" true true false 5 Text 0 0,First,#,HUC8_16050101,FIPS,0,4;STATE_FIPS "STATE_FIPS" true true false 2 Text 0 0,First,#,HUC8_16050101,STATE_FIPS,0,1;SQUARE_MIL "SQUARE_MIL" true true false 19 Double 0 0,First,#,HUC8_16050101,SQUARE_MIL,-1,-1;temp "temp" true true false 100 Text 0 0,First,#,HUC8_16050101,temp,0,99;temp2 "temp2" true true false 5 Long 0 5,First,#,HUC8_16050101,temp2,-1,-1;temp3 "temp3" true true false 5 Long 0 5,First,#,HUC8_16050101,temp3,-1,-1;shape_Leng "shape_Leng" true true false 19 Double 0 0,First,#,HUC8_16050101,shape_Leng,-1,-1;shape_Area "shape_Area" true true false 19 Double 0 0,First,#,HUC8_16050101,shape_Area,-1,-1;shape_Le_1 "shape_Le_1" true true false 19 Double 0 0,First,#,HUC8_16050101,shape_Le_1,-1,-1;shape_Ar_1 "shape_Ar_1" true true false 19 Double 0 0,First,#,HUC8_16050101,shape_Ar_1,-1,-1;OBJECTID "OBJECTID" true true false 9 Long 0 9,First,#,HUC8_16050101,OBJECTID,-1,-1;Join_Count "Join_Count" true true false 10 Long 0 10,First,#,HUC8_16050101,Join_Count,-1,-1;TARGET_FID "TARGET_FID" true true false 10 Long 0 10,First,#,HUC8_16050101,TARGET_FID,-1,-1;AREA "AREA" true true false 19 Double 0 0,First,#,HUC8_16050101,AREA,-1,-1;PERIMETER "PERIMETER" true true false 19 Double 0 0,First,#,HUC8_16050101,PERIMETER,-1,-1;COUNTYP020 "COUNTYP020" true true false 19 Double 0 0,First,#,HUC8_16050101,COUNTYP020,-1,-1;STATE_1 "STATE_1" true true false 2 Text 0 0,First,#,HUC8_16050101,STATE_1,0,1;COUNTY_1 "COUNTY_1" true true false 50 Text 0 0,First,#,HUC8_16050101,COUNTY_1,0,49;FIPS_1 "FIPS_1" true true false 5 Text 0 0,First,#,HUC8_16050101,FIPS_1,0,4;STATE_FI_1 "STATE_FI_1" true true false 2 Text 0 0,First,#,HUC8_16050101,STATE_FI_1,0,1;SQUARE_M_1 "SQUARE_M_1" true true false 19 Double 0 0,First,#,HUC8_16050101,SQUARE_M_1,-1,-1;temp_1 "temp_1" true true false 100 Text 0 0,First,#,HUC8_16050101,temp_1,0,99;temp2_1 "temp2_1" true true false 5 Long 0 5,First,#,HUC8_16050101,temp2_1,-1,-1;temp3_1 "temp3_1" true true false 5 Long 0 5,First,#,HUC8_16050101,temp3_1,-1,-1;area_sqmi "area_sqmi" true true false 19 Double 0 0,First,#,HUC8_16050101,area_sqmi,-1,-1;IowaNow "IowaNow" true true false 5 Long 0 5,First,#,HUC8_16050101,IowaNow,-1,-1;shape_Le_2 "shape_Le_2" true true false 19 Double 0 0,First,#,HUC8_16050101,shape_Le_2,-1,-1;shape_Ar_2 "shape_Ar_2" true true false 19 Double 0 0,First,#,HUC8_16050101,shape_Ar_2,-1,-1" #</Process></lineage><itemProps><itemName Sync="TRUE">HUC8_16050101</itemName><imsContentType Sync="TRUE">002</imsContentType><itemSize Sync="TRUE">0.000</itemSize><itemLocation><linkage Sync="TRUE">file://\\ZAMANK-LT\C$\Users\kzaman\OneDrive - Stantec\FFRMS_Azure\Douglass_NV\16050101\Production\handy\16050101\inputs\16050101_a\HUC8_16050101.shp</linkage><protocol Sync="TRUE">Local Area Network</protocol></itemLocation></itemProps><coordRef><type Sync="TRUE">Projected</type><geogcsn Sync="TRUE">GCS_North_American_1983</geogcsn><csUnits Sync="TRUE">Linear Unit: Meter (1.000000)</csUnits><peXml Sync="TRUE">&lt;ProjectedCoordinateSystem xsi:type='typens:ProjectedCoordinateSystem' xmlns:xsi='http://www.w3.org/2001/XMLSchema-instance' xmlns:xs='http://www.w3.org/2001/XMLSchema' xmlns:typens='http://www.esri.com/schemas/ArcGIS/3.2.0'&gt;&lt;WKT&gt;PROJCS[&amp;quot;NAD_1983_Contiguous_USA_Albers&amp;quot;,GEOGCS[&amp;quot;GCS_North_American_1983&amp;quot;,DATUM[&amp;quot;D_North_American_1983&amp;quot;,SPHEROID[&amp;quot;GRS_1980&amp;quot;,6378137.0,298.257222101]],PRIMEM[&amp;quot;Greenwich&amp;quot;,0.0],UNIT[&amp;quot;Degree&amp;quot;,0.0174532925199433]],PROJECTION[&amp;quot;Albers&amp;quot;],PARAMETER[&amp;quot;False_Easting&amp;quot;,0.0],PARAMETER[&amp;quot;False_Northing&amp;quot;,0.0],PARAMETER[&amp;quot;Central_Meridian&amp;quot;,-96.0],PARAMETER[&amp;quot;Standard_Parallel_1&amp;quot;,29.5],PARAMETER[&amp;quot;Standard_Parallel_2&amp;quot;,45.5],PARAMETER[&amp;quot;Latitude_Of_Origin&amp;quot;,23.0],UNIT[&amp;quot;Meter&amp;quot;,1.0],AUTHORITY[&amp;quot;EPSG&amp;quot;,5070]]&lt;/WKT&gt;&lt;XOrigin&gt;-16901100&lt;/XOrigin&gt;&lt;YOrigin&gt;-6972200&lt;/YOrigin&gt;&lt;XYScale&gt;266467840.99085236&lt;/XYScale&gt;&lt;ZOrigin&gt;-100000&lt;/ZOrigin&gt;&lt;ZScale&gt;10000&lt;/ZScale&gt;&lt;MOrigin&gt;-100000&lt;/MOrigin&gt;&lt;MScale&gt;10000&lt;/MScale&gt;&lt;XYTolerance&gt;0.001&lt;/XYTolerance&gt;&lt;ZTolerance&gt;0.001&lt;/ZTolerance&gt;&lt;MTolerance&gt;0.001&lt;/MTolerance&gt;&lt;HighPrecision&gt;true&lt;/HighPrecision&gt;&lt;WKID&gt;5070&lt;/WKID&gt;&lt;LatestWKID&gt;5070&lt;/LatestWKID&gt;&lt;/ProjectedCoordinateSystem&gt;</peXml><projcsn Sync="TRUE">NAD_1983_Contiguous_USA_Albers</projcsn></coordRef></DataProperties><SyncDate>20240126</SyncDate><SyncTime>18383900</SyncTime><ModDate>20240126</ModDate><ModTime>18383900</ModTime></Esri><dataIdInfo><envirDesc Sync="TRUE">Microsoft Windows 10 Version 10.0 (Build 19045) ; Esri ArcGIS 13.2.0.49743</envirDesc><dataLang><languageCode value="eng" Sync="TRUE"></languageCode><countryCode value="USA" Sync="TRUE"></countryCode></dataLang><idCitation><resTitle Sync="TRUE">HUC8_16050101</resTitle><presForm><PresFormCd value="005" Sync="TRUE"></PresFormCd></presForm></idCitation><spatRpType><SpatRepTypCd value="001" Sync="TRUE"></SpatRepTypCd></spatRpType></dataIdInfo><mdLang><languageCode value="eng" Sync="TRUE"></languageCode><countryCode value="USA" Sync="TRUE"></countryCode></mdLang><mdChar><CharSetCd value="004" Sync="TRUE"></CharSetCd></mdChar><distInfo><distFormat><formatName Sync="TRUE">Shapefile</formatName></distFormat><distTranOps><transSize Sync="TRUE">0.000</transSize></distTranOps></distInfo><mdHrLv><ScopeCd value="005" Sync="TRUE"></ScopeCd></mdHrLv><mdHrLvName Sync="TRUE">dataset</mdHrLvName><refSysInfo><RefSystem><refSysID><identCode code="5070" Sync="TRUE"></identCode><idCodeSpace Sync="TRUE">EPSG</idCodeSpace><idVersion Sync="TRUE">7.4.6(10.1.0)</idVersion></refSysID></RefSystem></refSysInfo><spatRepInfo><VectSpatRep><geometObjs Name="HUC8_16050101"><geoObjTyp><GeoObjTypCd value="002" Sync="TRUE"></GeoObjTypCd></geoObjTyp><geoObjCnt Sync="TRUE">0</geoObjCnt></geometObjs><topLvl><TopoLevCd value="001" Sync="TRUE"></TopoLevCd></topLvl></VectSpatRep></spatRepInfo><spdoinfo><ptvctinf><esriterm Name="HUC8_16050101"><efeatyp Sync="TRUE">Simple</efeatyp><efeageom code="4" Sync="TRUE"></efeageom><esritopo Sync="TRUE">FALSE</esritopo><efeacnt Sync="TRUE">0</efeacnt><spindex Sync="TRUE">FALSE</spindex><linrefer Sync="TRUE">FALSE</linrefer></esriterm></ptvctinf></spdoinfo><eainfo><detailed Name="HUC8_16050101"><enttyp><enttypl Sync="TRUE">HUC8_16050101</enttypl><enttypt Sync="TRUE">Feature Class</enttypt><enttypc Sync="TRUE">0</enttypc></enttyp><attr><attrlabl Sync="TRUE">FID</attrlabl><attalias Sync="TRUE">FID</attalias><attrtype Sync="TRUE">OID</attrtype><attwidth Sync="TRUE">4</attwidth><atprecis Sync="TRUE">0</atprecis><attscale Sync="TRUE">0</attscale><attrdef Sync="TRUE">Internal feature number.</attrdef><attrdefs Sync="TRUE">Esri</attrdefs><attrdomv><udom Sync="TRUE">Sequential unique whole numbers that are automatically generated.</udom></attrdomv></attr><attr><attrlabl Sync="TRUE">Shape</attrlabl><attalias Sync="TRUE">Shape</attalias><attrtype Sync="TRUE">Geometry</attrtype><attwidth Sync="TRUE">0</attwidth><atprecis Sync="TRUE">0</atprecis><attscale Sync="TRUE">0</attscale><attrdef Sync="TRUE">Feature geometry.</attrdef><attrdefs Sync="TRUE">Esri</attrdefs><attrdomv><udom Sync="TRUE">Coordinates defining the features.</udom></attrdomv></attr><attr><attrlabl Sync="TRUE">Max_Priori</attrlabl><attalias Sync="TRUE">Max_Priori</attalias><attrtype Sync="TRUE">Integer</attrtype><attwidth Sync="TRUE">10</attwidth><atprecis Sync="TRUE">10</atprecis><attscale Sync="TRUE">0</attscale></attr><attr><attrlabl Sync="TRUE">Coastal</attrlabl><attalias Sync="TRUE">Coastal</attalias><attrtype Sync="TRUE">Double</attrtype><attwidth Sync="TRUE">19</attwidth><atprecis Sync="TRUE">0</atprecis><attscale Sync="TRUE">0</attscale></attr><attr><attrlabl Sync="TRUE">Month</attrlabl><attalias Sync="TRUE">Month</attalias><attrtype Sync="TRUE">Integer</attrtype><attwidth Sync="TRUE">5</attwidth><atprecis Sync="TRUE">5</atprecis><attscale Sync="TRUE">0</attscale></attr><attr><attrlabl Sync="TRUE">Total_Mile</attrlabl><attalias Sync="TRUE">Total_Mile</attalias><attrtype Sync="TRUE">Double</attrtype><attwidth Sync="TRUE">19</attwidth><atprecis Sync="TRUE">0</atprecis><attscale Sync="TRUE">0</attscale></attr><attr><attrlabl Sync="TRUE">Partner</attrlabl><attalias Sync="TRUE">Partner</attalias><attrtype Sync="TRUE">Integer</attrtype><attwidth Sync="TRUE">10</attwidth><atprecis Sync="TRUE">10</atprecis><attscale Sync="TRUE">0</attscale></attr><attr><attrlabl Sync="TRUE">areaacres</attrlabl><attalias Sync="TRUE">areaacres</attalias><attrtype Sync="TRUE">Double</attrtype><attwidth Sync="TRUE">19</attwidth><atprecis Sync="TRUE">0</atprecis><attscale Sync="TRUE">0</attscale></attr><attr><attrlabl Sync="TRUE">areasqkm</attrlabl><attalias Sync="TRUE">areasqkm</attalias><attrtype Sync="TRUE">Double</attrtype><attwidth Sync="TRUE">19</attwidth><atprecis Sync="TRUE">0</atprecis><attscale Sync="TRUE">0</attscale></attr><attr><attrlabl Sync="TRUE">states</attrlabl><attalias Sync="TRUE">states</attalias><attrtype Sync="TRUE">String</attrtype><attwidth Sync="TRUE">50</attwidth><atprecis Sync="TRUE">0</atprecis><attscale Sync="TRUE">0</attscale></attr><attr><attrlabl Sync="TRUE">huc8</attrlabl><attalias Sync="TRUE">huc8</attalias><attrtype Sync="TRUE">String</attrtype><attwidth Sync="TRUE">8</attwidth><atprecis Sync="TRUE">0</atprecis><attscale Sync="TRUE">0</attscale></attr><attr><attrlabl Sync="TRUE">name</attrlabl><attalias Sync="TRUE">name</attalias><attrtype Sync="TRUE">String</attrtype><attwidth Sync="TRUE">120</attwidth><atprecis Sync="TRUE">0</atprecis><attscale Sync="TRUE">0</attscale></attr><attr><attrlabl Sync="TRUE">globalid</attrlabl><attalias Sync="TRUE">globalid</attalias><attrtype Sync="TRUE">String</attrtype><attwidth Sync="TRUE">38</attwidth><atprecis Sync="TRUE">0</atprecis><attscale Sync="TRUE">0</attscale></attr><attr><attrlabl Sync="TRUE">Approx_LFD</attrlabl><attalias Sync="TRUE">Approx_LFD</attalias><attrtype Sync="TRUE">Double</attrtype><attwidth Sync="TRUE">19</attwidth><atprecis Sync="TRUE">0</atprecis><attscale Sync="TRUE">0</attscale></attr><attr><attrlabl Sync="TRUE">Approx_NoX</attrlabl><attalias Sync="TRUE">Approx_NoX</attalias><attrtype Sync="TRUE">Double</attrtype><attwidth Sync="TRUE">19</attwidth><atprecis Sync="TRUE">0</atprecis><attscale Sync="TRUE">0</attscale></attr><attr><attrlabl Sync="TRUE">Detail_Eff</attrlabl><attalias Sync="TRUE">Detail_Eff</attalias><attrtype Sync="TRUE">Double</attrtype><attwidth Sync="TRUE">19</attwidth><atprecis Sync="TRUE">0</atprecis><attscale Sync="TRUE">0</attscale></attr><attr><attrlabl Sync="TRUE">Approx_XS</attrlabl><attalias Sync="TRUE">Approx_XS</attalias><attrtype Sync="TRUE">Double</attrtype><attwidth Sync="TRUE">19</attwidth><atprecis Sync="TRUE">0</atprecis><attscale Sync="TRUE">0</attscale></attr><attr><attrlabl Sync="TRUE">Detail_LFD</attrlabl><attalias Sync="TRUE">Detail_LFD</attalias><attrtype Sync="TRUE">Double</attrtype><attwidth Sync="TRUE">19</attwidth><atprecis Sync="TRUE">0</atprecis><attscale Sync="TRUE">0</attscale></attr><attr><attrlabl Sync="TRUE">STATE</attrlabl><attalias Sync="TRUE">STATE</attalias><attrtype Sync="TRUE">String</attrtype><attwidth Sync="TRUE">2</attwidth><atprecis Sync="TRUE">0</atprecis><attscale Sync="TRUE">0</attscale></attr><attr><attrlabl Sync="TRUE">COUNTY</attrlabl><attalias Sync="TRUE">COUNTY</attalias><attrtype Sync="TRUE">String</attrtype><attwidth Sync="TRUE">50</attwidth><atprecis Sync="TRUE">0</atprecis><attscale Sync="TRUE">0</attscale></attr><attr><attrlabl Sync="TRUE">FIPS</attrlabl><attalias Sync="TRUE">FIPS</attalias><attrtype Sync="TRUE">String</attrtype><attwidth Sync="TRUE">5</attwidth><atprecis Sync="TRUE">0</atprecis><attscale Sync="TRUE">0</attscale></attr><attr><attrlabl Sync="TRUE">STATE_FIPS</attrlabl><attalias Sync="TRUE">STATE_FIPS</attalias><attrtype Sync="TRUE">String</attrtype><attwidth Sync="TRUE">2</attwidth><atprecis Sync="TRUE">0</atprecis><attscale Sync="TRUE">0</attscale></attr><attr><attrlabl Sync="TRUE">SQUARE_MIL</attrlabl><attalias Sync="TRUE">SQUARE_MIL</attalias><attrtype Sync="TRUE">Double</attrtype><attwidth Sync="TRUE">19</attwidth><atprecis Sync="TRUE">0</atprecis><attscale Sync="TRUE">0</attscale></attr><attr><attrlabl Sync="TRUE">temp</attrlabl><attalias Sync="TRUE">temp</attalias><attrtype Sync="TRUE">String</attrtype><attwidth Sync="TRUE">100</attwidth><atprecis Sync="TRUE">0</atprecis><attscale Sync="TRUE">0</attscale></attr><attr><attrlabl Sync="TRUE">temp2</attrlabl><attalias Sync="TRUE">temp2</attalias><attrtype Sync="TRUE">Integer</attrtype><attwidth Sync="TRUE">5</attwidth><atprecis Sync="TRUE">5</atprecis><attscale Sync="TRUE">0</attscale></attr><attr><attrlabl Sync="TRUE">temp3</attrlabl><attalias Sync="TRUE">temp3</attalias><attrtype Sync="TRUE">Integer</attrtype><attwidth Sync="TRUE">5</attwidth><atprecis Sync="TRUE">5</atprecis><attscale Sync="TRUE">0</attscale></attr><attr><attrlabl Sync="TRUE">shape_Leng</attrlabl><attalias Sync="TRUE">shape_Leng</attalias><attrtype Sync="TRUE">Double</attrtype><attwidth Sync="TRUE">19</attwidth><atprecis Sync="TRUE">0</atprecis><attscale Sync="TRUE">0</attscale></attr><attr><attrlabl Sync="TRUE">shape_Area</attrlabl><attalias Sync="TRUE">shape_Area</attalias><attrtype Sync="TRUE">Double</attrtype><attwidth Sync="TRUE">19</attwidth><atprecis Sync="TRUE">0</atprecis><attscale Sync="TRUE">0</attscale><attrdef Sync="TRUE">Area of feature in internal units squared.</attrdef><attrdefs Sync="TRUE">Esri</attrdefs><attrdomv><udom Sync="TRUE">Positive real numbers that are automatically generated.</udom></attrdomv></attr><attr><attrlabl Sync="TRUE">shape_Le_1</attrlabl><attalias Sync="TRUE">shape_Le_1</attalias><attrtype Sync="TRUE">Double</attrtype><attwidth Sync="TRUE">19</attwidth><atprecis Sync="TRUE">0</atprecis><attscale Sync="TRUE">0</attscale></attr><attr><attrlabl Sync="TRUE">shape_Ar_1</attrlabl><attalias Sync="TRUE">shape_Ar_1</attalias><attrtype Sync="TRUE">Double</attrtype><attwidth Sync="TRUE">19</attwidth><atprecis Sync="TRUE">0</atprecis><attscale Sync="TRUE">0</attscale></attr><attr><attrlabl Sync="TRUE">OBJECTID</attrlabl><attalias Sync="TRUE">OBJECTID</attalias><attrtype Sync="TRUE">Integer</attrtype><attwidth Sync="TRUE">9</attwidth><atprecis Sync="TRUE">9</atprecis><attscale Sync="TRUE">0</attscale></attr><attr><attrlabl Sync="TRUE">Join_Count</attrlabl><attalias Sync="TRUE">Join_Count</attalias><attrtype Sync="TRUE">Integer</attrtype><attwidth Sync="TRUE">10</attwidth><atprecis Sync="TRUE">10</atprecis><attscale Sync="TRUE">0</attscale></attr><attr><attrlabl Sync="TRUE">TARGET_FID</attrlabl><attalias Sync="TRUE">TARGET_FID</attalias><attrtype Sync="TRUE">Integer</attrtype><attwidth Sync="TRUE">10</attwidth><atprecis Sync="TRUE">10</atprecis><attscale Sync="TRUE">0</attscale></attr><attr><attrlabl Sync="TRUE">AREA</attrlabl><attalias Sync="TRUE">AREA</attalias><attrtype Sync="TRUE">Double</attrtype><attwidth Sync="TRUE">19</attwidth><atprecis Sync="TRUE">0</atprecis><attscale Sync="TRUE">0</attscale></attr><attr><attrlabl Sync="TRUE">PERIMETER</attrlabl><attalias Sync="TRUE">PERIMETER</attalias><attrtype Sync="TRUE">Double</attrtype><attwidth Sync="TRUE">19</attwidth><atprecis Sync="TRUE">0</atprecis><attscale Sync="TRUE">0</attscale></attr><attr><attrlabl Sync="TRUE">COUNTYP020</attrlabl><attalias Sync="TRUE">COUNTYP020</attalias><attrtype Sync="TRUE">Double</attrtype><attwidth Sync="TRUE">19</attwidth><atprecis Sync="TRUE">0</atprecis><attscale Sync="TRUE">0</attscale></attr><attr><attrlabl Sync="TRUE">STATE_1</attrlabl><attalias Sync="TRUE">STATE_1</attalias><attrtype Sync="TRUE">String</attrtype><attwidth Sync="TRUE">2</attwidth><atprecis Sync="TRUE">0</atprecis><attscale Sync="TRUE">0</attscale></attr><attr><attrlabl Sync="TRUE">COUNTY_1</attrlabl><attalias Sync="TRUE">COUNTY_1</attalias><attrtype Sync="TRUE">String</attrtype><attwidth Sync="TRUE">50</attwidth><atprecis Sync="TRUE">0</atprecis><attscale Sync="TRUE">0</attscale></attr><attr><attrlabl Sync="TRUE">FIPS_1</attrlabl><attalias Sync="TRUE">FIPS_1</attalias><attrtype Sync="TRUE">String</attrtype><attwidth Sync="TRUE">5</attwidth><atprecis Sync="TRUE">0</atprecis><attscale Sync="TRUE">0</attscale></attr><attr><attrlabl Sync="TRUE">STATE_FI_1</attrlabl><attalias Sync="TRUE">STATE_FI_1</attalias><attrtype Sync="TRUE">String</attrtype><attwidth Sync="TRUE">2</attwidth><atprecis Sync="TRUE">0</atprecis><attscale Sync="TRUE">0</attscale></attr><attr><attrlabl Sync="TRUE">SQUARE_M_1</attrlabl><attalias Sync="TRUE">SQUARE_M_1</attalias><attrtype Sync="TRUE">Double</attrtype><attwidth Sync="TRUE">19</attwidth><atprecis Sync="TRUE">0</atprecis><attscale Sync="TRUE">0</attscale></attr><attr><attrlabl Sync="TRUE">temp_1</attrlabl><attalias Sync="TRUE">temp_1</attalias><attrtype Sync="TRUE">String</attrtype><attwidth Sync="TRUE">100</attwidth><atprecis Sync="TRUE">0</atprecis><attscale Sync="TRUE">0</attscale></attr><attr><attrlabl Sync="TRUE">temp2_1</attrlabl><attalias Sync="TRUE">temp2_1</attalias><attrtype Sync="TRUE">Integer</attrtype><attwidth Sync="TRUE">5</attwidth><atprecis Sync="TRUE">5</atprecis><attscale Sync="TRUE">0</attscale></attr><attr><attrlabl Sync="TRUE">temp3_1</attrlabl><attalias Sync="TRUE">temp3_1</attalias><attrtype Sync="TRUE">Integer</attrtype><attwidth Sync="TRUE">5</attwidth><atprecis Sync="TRUE">5</atprecis><attscale Sync="TRUE">0</attscale></attr><attr><attrlabl Sync="TRUE">area_sqmi</attrlabl><attalias Sync="TRUE">area_sqmi</attalias><attrtype Sync="TRUE">Double</attrtype><attwidth Sync="TRUE">19</attwidth><atprecis Sync="TRUE">0</atprecis><attscale Sync="TRUE">0</attscale></attr><attr><attrlabl Sync="TRUE">IowaNow</attrlabl><attalias Sync="TRUE">IowaNow</attalias><attrtype Sync="TRUE">Integer</attrtype><attwidth Sync="TRUE">5</attwidth><atprecis Sync="TRUE">5</atprecis><attscale Sync="TRUE">0</attscale></attr><attr><attrlabl Sync="TRUE">shape_Le_2</attrlabl><attalias Sync="TRUE">shape_Le_2</attalias><attrtype Sync="TRUE">Double</attrtype><attwidth Sync="TRUE">19</attwidth><atprecis Sync="TRUE">0</atprecis><attscale Sync="TRUE">0</attscale></attr><attr><attrlabl Sync="TRUE">shape_Ar_2</attrlabl><attalias Sync="TRUE">shape_Ar_2</attalias><attrtype Sync="TRUE">Double</attrtype><attwidth Sync="TRUE">19</attwidth><atprecis Sync="TRUE">0</atprecis><attscale Sync="TRUE">0</attscale></attr></detailed></eainfo><mdDateSt Sync="TRUE">20240126</mdDateSt></metadata>
